date,code,open,high,low,close,volume,amount
2021-08-23,sh.600563,187.23577742,198.11830582,183.66142973,196.073141,3244622,666268660.79
2021-08-24,sh.600563,195.134992,199.79759253,188.62423794,189.62805737,2703681,556517845.78
2021-08-25,sh.600563,193.08982718,193.08982718,181.062757,185.53772773,2960035,584969931.51
2021-08-26,sh.600563,185.74412051,185.74412051,166.98114051,166.990522,5845340,1076171890.86
2021-08-27,sh.600563,163.24730749,168.56661232,161.91513591,165.114224,5268773,925895660.11
2021-08-30,sh.600563,164.38246778,164.4575197,154.794585,156.9523277,4659992,792696512.75
2021-08-31,sh.600563,158.06872501,160.2358492,149.0718761,150.90126665,6323629,1032653663.81
2021-09-01,sh.600563,153.46241342,153.53746534,149.14692802,150.2914698,3674749,591768197.33
2021-09-02,sh.600563,150.2914698,159.0162555,149.3533208,153.04024637,4053308,674138135.73
2021-09-03,sh.600563,154.80396649,155.0760297,148.227542,148.83733885,3018605,482334941.82
2021-09-06,sh.600563,148.77166842,159.9544045,147.7584675,159.3915151,3772162,627263311.62
2021-09-07,sh.600563,158.43460312,160.29213814,154.12849921,156.15490105,3078685,513688172.9
2021-09-08,sh.600563,156.15490105,161.34286502,152.918287,157.609032,2675914,449498325.61
2021-09-09,sh.600563,157.09305005,161.361628,152.77756465,161.361628,3440157,576011834.1
2021-09-10,sh.600563,160.423479,165.37690572,158.06872501,165.114224,2988992,517233151.81
2021-09-13,sh.600563,164.8327793,165.114224,160.78935711,161.50235035,1820171,315063422.79
2021-09-14,sh.600563,161.50235035,174.07354695,161.07080181,167.48774097,3677526,662224018.13
2021-09-15,sh.600563,167.2719667,167.48774097,161.85884697,165.37690572,1380162,242000241.78
2021-09-16,sh.600563,166.990522,173.3699352,163.237926,164.3637048,1701023,302656559.9
2021-09-17,sh.600563,163.3317409,165.35814274,157.609032,161.08956479,1546790,266530667.53
2021-09-22,sh.600563,159.31646318,169.67362814,156.73655343,167.21567776,2180339,383238302.03
2021-09-23,sh.600563,168.76362361,168.86682,161.78379505,166.91547008,1668561,293081143.23
2021-09-24,sh.600563,166.990522,173.557565,161.5492578,169.30775003,2185755,393278241.53
2021-09-27,sh.600563,168.7730051,173.09787199,166.06175449,167.07495541,1844544,332193845.01
2021-09-28,sh.600563,166.12742492,174.36437314,164.50442715,171.2121925,2415473,441662690.55
2021-09-29,sh.600563,170.76188098,172.95714964,168.3977455,171.29662591,1627707,296725245.82
2021-09-30,sh.600563,171.3060074,172.1503415,165.73340234,167.70351524,2275534,407695530.82
2021-10-08,sh.600563,171.45611124,171.45611124,160.2358492,161.9245174,1956077,343500015.79
2021-10-11,sh.600563,163.50998921,171.4936372,160.91131648,167.34701862,2331495,415758557.62
2021-10-12,sh.600563,168.07877484,168.07877484,162.53431425,163.47246325,1690357,296416714.52
2021-10-13,sh.600563,163.41617431,174.39251761,162.6750366,172.62879749,2078271,379116389.15
2021-10-14,sh.600563,172.62879749,179.7493484,171.22157399,173.30426477,2024379,376553582.62
2021-10-15,sh.600563,173.54818351,180.29347482,170.94012929,179.0926441,2186546,411106290.26
2021-10-18,sh.600563,179.69305946,181.39110915,174.59891039,177.92933934,2314637,437511901.41
2021-10-19,sh.600563,177.74170954,184.51514532,175.9029375,179.44914072,1991124,384307447.95
2021-10-20,sh.600563,179.10202559,183.64266675,178.07006169,179.01759218,1755815,337780379.37
2021-10-21,sh.600563,179.58986307,179.94635969,172.619416,174.29870271,1531822,285034539.44
2021-10-22,sh.600563,174.28932122,175.01169595,169.97383582,170.743118,1162531,212439839.21
2021-10-25,sh.600563,170.20837307,173.06972752,166.99990349,170.5554882,1974145,357189001.85
2021-10-26,sh.600563,173.557565,180.98770508,169.34527599,178.4359398,3184848,603669908.97
2021-10-27,sh.600563,178.28583596,187.03876613,177.0287163,184.83411598,2774652,540884769.2
2021-10-28,sh.600563,187.1607255,187.32959232,179.6555335,180.42481568,1400090,272055369.45
2021-10-29,sh.600563,181.062757,182.000906,176.47520839,181.5318315,1454329,277993423.14
2021-11-01,sh.600563,183.39874801,196.8236602,183.39874801,192.74271205,3197714,653273425.26
2021-11-02,sh.600563,195.67911842,199.19717717,187.63918149,192.96786781,3978915,829047737.83
2021-11-03,sh.600563,192.24549308,193.71838701,185.85669839,186.77608441,2198290,442710732.03
2021-11-04,sh.600563,186.691651,200.75450451,182.94843649,199.825737,3403819,705130559.38
2021-11-05,sh.600563,198.7937731,211.083525,197.95882049,200.4824413,3452233,750239243.44
2021-11-08,sh.600563,200.4824413,208.269078,194.6659175,196.09190398,4593289,979100180.83
2021-11-09,sh.600563,197.80871665,208.06268522,195.39767372,206.39278,2647044,573376581.02
2021-11-10,sh.600563,208.269078,220.465015,205.15442332,216.30901493,4440912,1012302805.97
2021-11-11,sh.600563,215.75550702,231.24434701,215.1175657,230.9722838,4080568,978235668.8
2021-11-12,sh.600563,225.36215278,232.54837412,222.44450939,226.91948012,3062897,740805554.53
2021-11-15,sh.600563,225.96256814,227.032058,210.3330058,211.14919543,3591890,825583168.99
2021-11-16,sh.600563,212.10610741,212.92229704,205.454631,206.91814344,1987008,443299456.07
2021-11-17,sh.600563,207.28402155,208.58804866,199.71315912,207.8000035,3203614,699866882.88
2021-11-18,sh.600563,208.68186356,225.04318212,205.80174613,219.0577915,3537084,816650148.1
2021-11-19,sh.600563,216.98448221,222.8103875,212.21868529,219.09531746,2093099,484927209.45
2021-11-22,sh.600563,221.8722385,234.50910553,218.8701617,233.57095653,3521006,853727423.88
2021-11-23,sh.600563,231.3475434,243.98441043,225.25895639,240.99171512,2824282,716045491.72
2021-11-24,sh.600563,238.289846,243.31832464,227.5011325,228.5330964,2057901,510799741.51
2021-11-25,sh.600563,228.98340792,229.846505,218.17593144,220.465015,2603589,615610665.8
2021-11-26,sh.600563,219.58315494,230.90661337,217.60366055,228.67381875,3023679,725441774.22
2021-11-29,sh.600563,225.15576,235.34405814,223.38265839,231.17867658,2126251,523762392.83
2021-11-30,sh.600563,231.60084363,245.0445188,229.96846437,245.0445188,3075184,783467008.61
2021-12-01,sh.600563,239.96913271,242.98997249,225.4372047,240.6352185,3042540,760686733.35
2021-12-02,sh.600563,238.4774758,243.8249251,228.7207262,232.23878495,2073367,518809155.59
2021-12-03,sh.600563,233.58033802,234.42467212,226.57236499,233.19569693,2171886,533127409.6
2021-12-06,sh.600563,231.39445085,232.660952,218.588717,222.51017982,3190253,760000621.36
2021-12-07,sh.600563,222.51017982,223.27008051,200.25728554,206.44906894,5720183,1252617002.43
2021-12-08,sh.600563,206.4865949,215.77427,206.4865949,212.959823,3648075,824870983.59
2021-12-09,sh.600563,210.40805772,213.76663114,204.9855565,210.68012093,3011384,669790988.69
2021-12-10,sh.600563,211.083525,211.53383652,204.61967839,206.79618407,3940080,871264765.55
2021-12-13,sh.600563,208.15650012,208.91640081,201.8896648,206.39278,2594521,567722014.37
2021-12-14,sh.600563,207.90319989,212.56580042,203.60647747,207.6123737,2713339,604468630.59
2021-12-15,sh.600563,206.40216149,218.588717,206.40216149,208.90701932,2550735,576849351.21
2021-12-16,sh.600563,210.30486133,211.81528122,206.8618545,209.6763015,1784466,399923225.33
2021-12-17,sh.600563,207.8938184,211.07414351,206.8618545,208.30660396,1393560,310098931.34
2021-12-20,sh.600563,206.91814344,209.91083875,202.5463691,204.0474075,1819173,397010088.56
2021-12-21,sh.600563,204.77916372,211.083525,201.8896648,209.22598998,1666722,369093811.71
2021-12-22,sh.600563,211.54321801,216.58107814,207.330929,215.48344381,2132705,486293989.25
2021-12-23,sh.600563,215.48344381,218.11026101,212.1154889,213.86044604,1690360,387271996.88
2021-12-24,sh.600563,212.04043698,217.17211201,208.47547078,212.66899681,1698090,385837131.0
2021-12-27,sh.600563,210.09846855,219.13284342,210.09846855,214.99560633,1342325,309805327.27
2021-12-28,sh.600563,215.06127676,218.588717,210.83022477,211.59950695,1728958,394408264.37
2021-12-29,sh.600563,211.26177331,212.63147085,204.44143008,207.330929,1774329,393479124.75
2021-12-30,sh.600563,208.269078,215.56787722,206.51473937,213.22250472,1488187,336360831.81
2021-12-31,sh.600563,212.959823,220.465015,212.3969336,218.0258276,2598576,598685692.46
2022-01-04,sh.600563,217.1814935,219.0577915,196.22324484,196.22324484,2624404,559313543.79
2022-01-05,sh.600563,193.26807549,193.74653148,177.92933934,179.186459,6576366,1277590354.12
2022-01-06,sh.600563,176.372012,184.70277512,175.94984495,182.939055,3842355,743428919.74
2022-01-07,sh.600563,183.94287443,190.9133215,182.01028749,187.82681129,3316656,661868802.6
2022-01-10,sh.600563,186.68226951,192.90219738,183.4081295,185.0967977,1998372,396823665.42
2022-01-11,sh.600563,186.27886544,186.27886544,171.56868912,172.13157852,5799400,1086624844.21
2022-01-12,sh.600563,175.39633704,183.83967804,175.39633704,183.49256291,4325018,831730212.44
2022-01-13,sh.600563,185.21875707,185.65030561,175.63087429,181.24100531,2659398,512355065.57
2022-01-14,sh.600563,183.69895569,193.1648791,178.72676599,188.8493937,2894473,579783865.64
2022-01-17,sh.600563,188.55856751,197.33964215,183.85844102,195.66973693,2648186,545707641.27
2022-01-18,sh.600563,195.66973693,201.2329605,191.93590391,198.4185135,1728673,363889230.53
2022-01-19,sh.600563,198.56861734,198.56861734,187.17948848,189.14960138,3444222,700252852.98
2022-01-20,sh.600563,190.29414316,193.80282042,184.35565999,189.506098,2722547,550784478.56
2022-01-21,sh.600563,188.08949301,190.78198064,184.0648338,185.25628303,2469884,492067777.38
2022-01-24,sh.600563,185.58463518,187.12319954,179.87130777,184.65586767,2736899,537229689.4
2022-01-25,sh.600563,183.877204,191.32610706,178.24831,178.63295109,1758766,344618826.34
2022-01-26,sh.600563,178.94254026,181.56935746,176.8410865,180.45296015,1503778,287224209.58
2022-01-27,sh.600563,181.42863511,183.74586314,175.94984495,176.372012,2284282,435768998.65
2022-01-28,sh.600563,182.6576103,194.0092132,181.95399855,184.1586487,4471918,900939723.7
2022-02-07,sh.600563,187.1607255,192.320545,175.44324449,179.54295562,3911588,761357470.1
2022-02-08,sh.600563,180.80945677,180.80945677,167.90990802,172.56312706,3272347,600250733.29
2022-02-09,sh.600563,173.4637501,177.80737997,166.1461879,176.49397137,2556302,469620825.01
2022-02-10,sh.600563,176.49397137,178.98006622,168.10691931,169.0544498,2469696,449246840.54
2022-02-11,sh.600563,167.29072968,172.45993067,165.2080389,165.61144297,2953140,530465536.04
2022-02-14,sh.600563,166.41825111,174.3080842,161.93389889,168.5853753,3175509,572627273.88
2022-02-15,sh.600563,167.19691478,181.062757,167.19691478,179.95574118,2914280,548558442.01
2022-02-16,sh.600563,180.35914525,182.2823507,177.5916057,179.8431633,1318855,253423791.48
2022-02-17,sh.600563,180.37790823,184.73091959,176.23128965,181.88832812,1470652,283631532.13
2022-02-18,sh.600563,181.71007981,183.30493311,179.07388112,179.72120393,1162006,223542260.84
2022-02-21,sh.600563,179.22398496,182.000906,175.433863,176.85046799,1157495,218744125.13
2022-02-22,sh.600563,175.0586034,180.124608,172.9008607,179.9369782,1367369,258319111.93
2022-02-23,sh.600563,180.124608,193.258694,179.2802739,191.7576556,2484626,501808056.3
2022-02-24,sh.600563,191.382396,194.44076174,189.09331244,191.03528087,2188645,446017075.93
2022-02-25,sh.600563,195.29447733,199.76006657,192.51755629,195.31324031,1953118,406968287.58
2022-02-28,sh.600563,193.31498294,201.11100113,192.32992649,199.71315912,1595015,337150224.0
2022-03-01,sh.600563,199.72254061,204.12245942,197.11448639,200.21975958,1732678,372443088.0
2022-03-02,sh.600563,200.65130812,201.21419752,195.14437349,196.87994914,877012,184479357.0
2022-03-03,sh.600563,198.65305075,200.2948115,191.40115898,195.134992,1552358,321954384.0
2022-03-04,sh.600563,194.20622449,197.45222003,188.10825599,189.506098,1835893,375974512.0
2022-03-07,sh.600563,189.51547949,189.51547949,179.11140708,180.60306399,2938233,571754720.0
2022-03-08,sh.600563,182.35740262,184.31813403,177.310161,179.48666668,1552567,300112096.0
2022-03-09,sh.600563,181.45677958,188.08011152,177.310161,182.5637954,1808038,352262096.0
2022-03-10,sh.600563,186.5978361,190.61311382,182.939055,185.57525369,1516180,301332416.0
2022-03-11,sh.600563,183.3143146,185.5658722,179.20522198,183.29555162,1651617,320166496.0
2022-03-14,sh.600563,181.5318315,183.54885185,178.13573212,179.83378181,1314963,253178940.0
2022-03-15,sh.600563,179.186459,182.47936199,172.76951984,173.0884905,1461089,275784192.0
2022-03-16,sh.600563,175.53705939,188.3803192,172.619416,186.51340269,2740614,526337664.0
2022-03-17,sh.600563,189.506098,195.61344799,189.506098,191.82332603,2401207,493762448.0
2022-03-18,sh.600563,192.68642311,193.23054953,182.000906,192.320545,2077064,415013231.85
2022-03-21,sh.600563,189.7875427,192.48941182,186.2225765,189.0370235,1607094,324410559.65
2022-03-22,sh.600563,189.8813576,190.43486551,182.4699805,184.61834171,1133334,223648882.81
2022-03-23,sh.600563,185.07803472,186.65412504,180.54677505,181.5318315,1100681,214661051.07
2022-03-24,sh.600563,181.29729425,181.29729425,176.38139349,177.76985401,1014033,191915456.45
2022-03-25,sh.600563,177.78861699,179.9369782,171.57807061,171.89704127,1527357,284890937.47
2022-03-28,sh.600563,173.13539795,181.58812044,172.28168236,181.19409786,2140889,406945096.74
2022-03-29,sh.600563,182.59193987,190.89455852,182.000906,183.39874801,2129661,421046300.61
2022-03-30,sh.600563,184.6277232,191.6638407,183.877204,190.9133215,1904226,385043644.38
2022-03-31,sh.600563,191.24167365,192.29240053,185.753502,188.55856751,1119189,224509782.83
2022-04-01,sh.600563,186.74793994,191.1947662,185.30319048,188.3803192,1253897,251237364.05
2022-04-06,sh.600563,188.3803192,188.3803192,172.48807514,174.28932122,2055103,387579354.13
2022-04-07,sh.600563,172.62879749,174.92726254,168.25702315,169.804969,1755049,319449749.54
2022-04-08,sh.600563,168.64166424,172.21601193,167.10309988,168.84805702,1597265,289540380.21
2022-04-11,sh.600563,167.81609312,167.928671,152.918287,155.17922609,3868318,650274328.54
2022-04-12,sh.600563,155.16046311,155.16046311,146.8203185,149.61600252,3239875,516121582.97
2022-04-13,sh.600563,149.43775421,149.43775421,144.474946,144.60628686,2728030,425375627.3
2022-04-14,sh.600563,145.413095,149.85053977,143.0677225,144.15597534,2534607,393897997.14
2022-04-15,sh.600563,142.91761866,147.83351942,136.7821242,146.97042234,4508034,684777106.0
2022-04-18,sh.600563,146.2574291,158.0781065,140.80678341,157.85295074,3262146,526353414.53
2022-04-19,sh.600563,155.57324867,160.77997562,153.31230958,154.31612901,1981452,331091477.45
2022-04-20,sh.600563,154.0440658,154.82272947,149.71919891,150.95755559,1516217,244819997.39
2022-04-21,sh.600563,149.9162102,152.33663462,144.54999792,144.7563907,1492269,234687764.99
2022-04-22,sh.600563,145.59134331,146.351244,138.846052,140.04688272,2457481,369294706.17
2022-04-25,sh.600563,136.031605,137.92666598,129.56775839,130.42147398,3659613,522767119.06
2022-04-26,sh.600563,131.81931599,133.4047878,120.083072,121.53720295,4150057,549975785.43
2022-04-27,sh.600563,118.85409681,133.69561399,118.0191442,133.15148757,3950439,535180063.0
2022-04-28,sh.600563,131.81931599,133.07643565,127.59764549,131.34086,3128767,436342337.74
2022-04-29,sh.600563,132.85127989,142.598648,128.14177191,137.6264583,3780611,546764321.67
2022-05-05,sh.600563,136.93222804,139.39017842,132.26962751,135.7501603,2704321,393482297.35
2022-05-06,sh.600563,133.0295282,141.46348771,131.48158235,135.61881944,2088254,305459596.3
2022-05-09,sh.600563,134.9058262,135.89088265,130.89992997,131.9037494,1394363,197381824.47
2022-05-10,sh.600563,129.44579902,144.9440205,129.00486899,142.42978118,3171494,478147273.61
2022-05-11,sh.600563,142.77689631,156.2956234,141.06946513,151.15456688,4436599,713329850.35
2022-05-12,sh.600563,150.11322149,151.2296188,146.61392572,149.43775421,2137787,339365767.0
2022-05-13,sh.600563,150.3852847,155.62953761,149.13754653,151.52982648,1639092,265224803.35
2022-05-16,sh.600563,152.98395743,154.47561434,148.68723501,150.10384,1202417,193360706.97
2022-05-17,sh.600563,150.20703639,159.12883338,149.25012441,157.48707263,2629579,436031086.77
2022-05-18,sh.600563,160.25461218,161.7368876,157.48707263,160.24523069,1567765,267841150.9
2022-05-19,sh.600563,158.15315842,164.7389644,157.14933899,164.18545649,1750399,302150251.55
2022-05-20,sh.600563,164.176075,164.21360096,156.670883,159.27893722,2133255,362073580.92
2022-05-23,sh.600563,159.27893722,160.32028261,156.35191234,158.33140673,955211,161053410.01
2022-05-24,sh.600563,158.6409959,159.18512232,153.0121019,153.40612448,1616702,268413885.99
2022-05-25,sh.600563,152.31787164,155.53572271,150.0100251,152.62746081,1289419,209253453.74
2022-05-26,sh.600563,152.7306572,158.41584014,148.9780612,155.0760297,1416279,233356829.43
2022-05-27,sh.600563,155.0760297,160.8925535,155.0760297,156.66150151,1171569,196770502.56
2022-05-30,sh.600563,156.96170919,159.37275212,155.37623738,157.73099137,969636,162517065.99
2022-05-31,sh.600563,156.71779045,165.5832985,156.21118999,164.50442715,1615905,279066748.66
2022-06-01,sh.600563,165.9585581,165.9585581,159.41965957,159.81368215,1508700,259448289.93
2022-06-02,sh.600563,159.88873407,165.05793506,157.74975435,164.78587185,1208937,209642407.57
2022-06-06,sh.600563,166.052373,175.9967524,164.15731202,174.495714,2071203,381443945.22
2022-06-07,sh.600563,175.40571853,181.00646806,173.02282007,176.66283819,1855697,350076022.7
2022-06-08,sh.600563,175.11489234,177.29139802,169.98321731,171.73755594,1869582,344479205.24
2022-06-09,sh.600563,169.8987839,171.28724442,158.38769567,165.68649489,2798296,487542890.45
2022-06-10,sh.600563,163.04515172,175.97742888,159.36238758,174.07450962,3365528,599681874.27
2022-06-13,sh.600563,171.357406,172.78696226,167.67464186,169.7479718,1617747,291660349.95
2022-06-14,sh.600563,168.4225554,169.463954,160.94342,167.59890378,1639982,285792898.83
2022-06-15,sh.600563,167.75037994,171.04498642,161.00022356,161.50198834,2923046,506565344.15
2022-06-16,sh.600563,161.890146,170.42961452,160.94342,166.623776,1930676,340556062.72
2022-06-17,sh.600563,164.92913646,171.24379888,164.21909196,167.4284931,1757802,310441861.38
2022-06-20,sh.600563,169.24620702,176.091036,167.93025788,172.23786118,2699672,490774889.2
2022-06-21,sh.600563,172.0201142,172.0201142,160.94342,163.46171116,3369606,584400027.27
2022-06-22,sh.600563,163.46171116,164.73979126,157.36479572,158.23578364,2812183,475769453.64
2022-06-23,sh.600563,159.996694,169.83317714,158.35885802,169.28407606,2519510,440458336.86
2022-06-24,sh.600563,168.990591,178.32530936,166.623776,177.0850983,3293566,607102393.5
2022-06-27,sh.600563,178.931214,180.351303,172.4934772,172.80589678,1799988,332758343.49
2022-06-28,sh.600563,173.250858,184.60210274,171.36687326,183.78791838,2877046,546009112.43
2022-06-29,sh.600563,182.99266854,182.99266854,176.30878298,176.57386626,2243932,425619456.79
2022-06-30,sh.600563,176.7537442,194.23030616,176.7537442,194.23030616,3092098,620957605.81
2022-07-01,sh.600563,190.34872956,198.81246,187.94404552,190.291926,3201373,653616533.08
2022-07-04,sh.600563,189.33573274,193.30251468,185.54882874,191.97709828,2299270,461812122.7
2022-07-05,sh.600563,188.871837,198.7651237,188.871837,195.44211544,2271852,468032727.73
2022-07-06,sh.600563,196.38884144,201.72837608,191.238652,199.34262656,2163868,448943668.63
2022-07-07,sh.600563,198.81246,198.81246,190.13098258,194.07883,2078070,425846690.37
2022-07-08,sh.600563,194.18296986,196.62552294,191.02090502,194.1735026,1251020,255602245.66
2022-07-11,sh.600563,192.2800506,196.80540088,191.238652,194.7415382,1794001,368006334.77
2022-07-12,sh.600563,196.62552294,199.759186,188.18072702,188.80556618,1632288,331165527.1
2022-07-13,sh.600563,187.6884295,190.765289,182.1027461,186.89317966,1849643,362646931.12
2022-07-14,sh.600563,186.89317966,203.50822096,185.56776326,201.6053017,2763518,582425196.85
2022-07-15,sh.600563,200.45029598,211.00629088,198.81246,198.81246,1413672,304472666.6
2022-07-18,sh.600563,199.5698408,203.54609,190.3865986,197.13675498,1372900,284932511.63
2022-07-19,sh.600563,201.53903088,211.6879336,195.98174926,210.173172,2396586,523424754.81
2022-07-20,sh.600563,211.42285032,211.42285032,204.78630106,207.89156234,937761,206344440.84
2022-07-21,sh.600563,208.27972,210.5991987,199.8538586,203.05379248,1433822,309387188.3
2022-07-22,sh.600563,202.23960812,203.01592344,197.392371,199.759186,969939,203983922.42
2022-07-25,sh.600563,199.60770984,205.439542,196.919008,198.63258206,1029019,216772568.99
2022-07-26,sh.600563,198.09294824,200.8479209,192.658741,199.759186,1335203,278900836.15
2022-07-27,sh.600563,198.81246,211.05362718,196.919008,208.753083,1553195,337702762.6
2022-07-28,sh.600563,209.11283888,210.15423748,200.12840914,201.04673336,1435016,309152578.39
2022-07-29,sh.600563,201.11300418,203.52715548,191.238652,197.75212688,2330211,484651185.38
2022-08-01,sh.600563,197.02314786,201.34968568,193.132104,199.27635574,1114435,233923614.99
2022-08-02,sh.600563,195.972282,202.599364,193.132104,197.00421334,1326821,277771420.93
2022-08-03,sh.600563,197.24089484,204.48334874,186.89317966,188.0197836,2262011,460437089.35
2022-08-04,sh.600563,189.3452,189.6292178,180.92880586,183.5701714,2213243,430606996.0
2022-08-05,sh.600563,184.45062658,190.53807476,182.718118,188.99491138,1458546,289816878.0
2022-08-08,sh.600563,191.59840788,193.8894848,184.73464438,192.99956236,1441924,291015433.0
2022-08-09,sh.600563,193.11316948,193.11316948,189.5345452,191.62680966,826394,167101059.0
2022-08-10,sh.600563,190.17831888,195.69773146,188.398474,191.238652,1188025,242041550.0
2022-08-11,sh.600563,193.34985098,194.68473464,186.25887324,187.451748,1921088,381440788.0
2022-08-12,sh.600563,187.46121526,188.26593236,175.14431,179.404577,3527721,665806216.0
2022-08-15,sh.600563,178.80813962,189.05171494,177.04722926,187.52748608,2319536,456544781.34
2022-08-16,sh.600563,187.24346828,192.07177088,184.138207,184.61157,1217329,240745190.95
2022-08-17,sh.600563,184.61157,187.0257213,182.77492156,183.67431126,1186955,230891154.06
2022-08-18,sh.600563,183.191481,190.1025808,182.73705252,188.5878192,1571749,310732805.45
2022-08-19,sh.600563,188.28486688,190.291926,179.87794,180.1619578,1672807,324896875.55
2022-08-22,sh.600563,182.56664184,193.94628836,180.50277916,191.21971748,2198614,441126536.75
2022-08-23,sh.600563,189.42093808,199.22901944,186.53342378,192.8480862,1962813,398397285.83
2022-08-24,sh.600563,190.41500038,192.5640684,177.037762,177.3217798,2094000,403225448.44
2022-08-25,sh.600563,177.3217798,184.01513262,175.79755094,178.81760688,1806229,341813859.64
2022-08-26,sh.600563,178.72293428,181.771392,175.69341108,176.2803812,1019289,191936640.9
2022-08-29,sh.600563,172.4934772,181.298029,172.1621231,175.92062532,1302052,244179392.0
2022-08-30,sh.600563,175.14431,176.8484168,172.57868254,174.22598578,1023090,188127954.76
2022-08-31,sh.600563,172.38933734,175.13484274,167.7598472,168.27107924,1789405,320191345.18
2022-09-01,sh.600563,169.1325999,175.2389826,167.57996926,172.9195039,1397991,254660765.83
2022-09-02,sh.600563,173.08044732,175.89222354,171.830769,172.56921528,968959,177411910.73
2022-09-05,sh.600563,172.18105762,173.51594128,169.48288852,171.357406,786986,142268993.67
2022-09-06,sh.600563,171.4520786,176.091036,167.78824898,174.197584,848416,155045507.78
2022-09-07,sh.600563,173.26032526,180.19035958,172.31359926,178.96908304,1247810,234222293.78
2022-09-08,sh.600563,178.52412182,178.99748482,174.670947,176.57386626,897083,167280108.34
2022-09-09,sh.600563,176.02476518,178.44838374,173.250858,176.55493174,925231,172122528.4
2022-09-13,sh.600563,176.05316696,180.69212436,174.70881604,175.98689614,1215897,226741636.18
2022-09-14,sh.600563,173.26032526,176.88628584,169.5586266,171.84023626,1723158,311847605.54
2022-09-15,sh.600563,172.8721676,173.21298896,159.58013456,161.29370862,2702402,467471365.48
2022-09-16,sh.600563,161.18956876,163.7362617,158.65234308,160.49845878,1898282,322741904.01
2022-09-19,sh.600563,159.9020214,163.66999088,159.06890252,159.97775948,1084892,184346375.46
2022-09-20,sh.600563,160.82981288,168.043865,160.63100042,167.45689488,1772093,311297561.56
2022-09-21,sh.600563,166.623776,168.517228,161.28424136,163.4049076,1300746,225322926.2
2022-09-22,sh.600563,163.310235,167.53263296,161.1327652,164.59778236,737787,128131484.6
2022-09-23,sh.600563,165.42143398,165.98946958,157.49733736,159.049968,1758277,296957494.3
2022-09-26,sh.600563,157.7245516,163.6889254,156.20979,160.94342,1103479,187940599.99
2022-09-27,sh.600563,161.82387518,162.82740474,159.06890252,162.32563996,720607,122920799.67
2022-09-28,sh.600563,161.3221104,162.836872,156.20979,157.156516,1053625,176074164.78
2022-09-29,sh.600563,159.21091142,162.4581816,156.67368574,160.11030112,1176529,199091837.43
2022-09-30,sh.600563,159.12570608,161.0380926,151.76964506,152.11046642,1858484,302670997.75
2022-10-10,sh.600563,152.11046642,152.11046642,146.74253,147.689256,1526123,239929462.5
2022-10-11,sh.600563,149.32709198,154.08912376,148.31409516,151.9968593,1274461,205482716.47
2022-10-12,sh.600563,151.47616,158.11270926,148.64544926,157.156516,1221880,198045974.35
2022-10-13,sh.600563,155.69855796,159.50439648,155.263064,155.55654906,1007717,167626541.5
2022-10-14,sh.600563,157.24172134,161.890146,154.789701,159.8073488,1193414,200650073.73
2022-10-17,sh.600563,159.8073488,161.416783,153.842975,155.13998962,1018300,167964444.71
2022-10-18,sh.600563,156.17192096,157.156516,153.369612,154.79916826,803908,131724613.71
2022-10-19,sh.600563,155.1683914,164.33269908,153.369612,159.996694,1494561,253855694.71
2022-10-20,sh.600563,158.07484022,159.97775948,153.5589572,156.20979,1114053,183992874.52
2022-10-21,sh.600563,157.02397436,159.3813221,154.79916826,156.62634944,926071,153730700.88
2022-10-24,sh.600563,154.9790462,161.77653888,154.60982306,156.21925726,890329,148144053.14
2022-10-25,sh.600563,156.0204448,162.836872,154.66662662,162.01322038,1672122,283002079.45
2022-10-26,sh.600563,160.94342,168.1385376,159.15410786,167.12554078,1747026,305167435.3
2022-10-27,sh.600563,167.01193366,168.69710594,161.90908052,162.92207734,1321330,228840817.04
2022-10-28,sh.600563,162.61912502,164.02974676,156.15298644,157.8665605,1186943,199963233.14
2022-10-31,sh.600563,160.0440303,170.11719494,155.263064,167.67464186,2343274,410089532.23
2022-11-01,sh.600563,167.570502,169.937317,162.51498516,165.97053506,1686833,295402800.15
2022-11-02,sh.600563,165.24155604,170.54322164,163.80253252,169.937317,1432131,253434020.24
2022-11-03,sh.600563,168.517228,172.304132,167.76931446,171.53728394,1138235,205203152.81
2022-11-04,sh.600563,172.304132,176.77267872,168.74444224,175.14431,1447763,265789141.87
2022-11-07,sh.600563,175.0969737,175.41886054,168.7065732,170.6946978,1480367,267284618.83
2022-11-08,sh.600563,170.7893704,171.99171242,166.40602902,167.56103474,1026473,182276263.22
2022-11-09,sh.600563,167.58943652,168.02493048,163.0262172,163.22502966,1194931,207517678.37
2022-11-10,sh.600563,162.89367556,163.69839266,152.9909216,155.95417398,2158453,355779095.76
2022-11-11,sh.600563,159.049968,162.836872,159.049968,159.68427442,1949531,331651801.77
2022-11-14,sh.600563,157.73401886,160.8487474,153.6062935,154.51515046,1588052,262342808.06
2022-11-15,sh.600563,154.35420704,161.416783,152.0441956,160.94342,2777566,460199972.23
2022-11-16,sh.600563,159.996694,160.4227207,152.43235326,153.73883514,2235527,366515880.26
2022-11-17,sh.600563,153.36014474,155.0737188,146.9792115,154.8370373,2840815,452101427.18
2022-11-18,sh.600563,154.0323202,158.56713774,152.81104366,154.316338,2256950,370304428.13
2022-11-21,sh.600563,154.316338,162.2215001,153.0855942,160.8960837,2548056,428847041.0
2022-11-22,sh.600563,160.2807118,160.6120659,156.7778256,157.83815872,1176258,196529304.83
2022-11-23,sh.600563,157.45946832,157.4878701,152.87731448,154.89384086,1361291,222947307.01
2022-11-24,sh.600563,155.263064,157.14704874,153.369612,155.90683768,845209,138862415.71
2022-11-25,sh.600563,155.90683768,156.2571263,152.2335408,152.82051092,949307,153574847.61
2022-11-28,sh.600563,150.54836852,152.422886,147.74605956,151.98739204,1986171,314144454.65
2022-11-29,sh.600563,151.98739204,153.81457322,147.689256,148.69278556,2061983,325675856.73
2022-11-30,sh.600563,148.38036598,150.30221976,145.81473852,149.582708,1587044,248627900.49
2022-12-01,sh.600563,150.7187792,154.789701,150.41582688,152.60276394,1979331,319405430.21
2022-12-02,sh.600563,152.17673724,155.15892414,150.32115428,151.0974696,1238546,199079996.56
2022-12-05,sh.600563,150.30221976,151.0974696,139.96397184,141.9142274,4488155,682668879.66
2022-12-06,sh.600563,140.115448,147.689256,135.83624648,146.4585122,3462953,520995119.65
2022-12-07,sh.600563,147.689256,156.08671562,144.849078,152.43235326,3858936,624401012.82
2022-12-08,sh.600563,151.25841302,156.73995656,146.52478302,148.34249694,2115481,332959909.72
2022-12-09,sh.600563,148.162619,149.57324074,146.4585122,147.0265478,1286024,200688639.98
2022-12-12,sh.600563,146.5531848,154.316338,146.269167,152.33768066,1742376,278413864.16
2022-12-13,sh.600563,151.48562726,152.33768066,146.66679192,146.80880082,1621005,253618785.27
2022-12-14,sh.600563,148.29516064,149.109345,143.5236616,144.95321786,1441591,221268578.63
2022-12-15,sh.600563,144.10116446,149.7720532,143.49525982,149.2513539,1370884,213690766.92
2022-12-16,sh.600563,148.71172008,150.22648168,145.795804,147.11175314,1121285,174189973.89
2022-12-19,sh.600563,145.33190826,149.43123184,145.33190826,145.8431403,1203682,186255442.45
2022-12-20,sh.600563,145.71059866,148.162619,143.428989,144.6597328,858364,131291203.3
2022-12-21,sh.600563,144.67866732,145.2277684,141.27045372,142.31185232,987594,148319211.6
2022-12-22,sh.600563,143.3816527,144.5177239,140.3047932,142.09410534,1183360,178288763.99
2022-12-23,sh.600563,141.12844482,142.7662808,137.0859248,138.35453764,1058242,154761069.75
2022-12-26,sh.600563,138.7426953,147.689256,136.81137426,146.269167,1997826,304637602.05
2022-12-27,sh.600563,147.29163108,152.88678174,145.80527126,151.4288237,1610471,254181129.38
2022-12-28,sh.600563,150.89865714,150.89865714,145.99461646,147.7365923,1238393,193007629.54
2022-12-29,sh.600563,147.67032148,152.422886,144.849078,149.582708,1904097,301572275.78
2022-12-30,sh.600563,150.529434,153.1802668,149.37442828,151.36255288,1894237,303521411.03
2023-01-03,sh.600563,150.1980799,152.49862408,146.9318752,151.83591588,2049975,325317806.97
2023-01-04,sh.600563,152.422886,152.422886,145.1804321,145.322441,1962352,303953936.35
2023-01-05,sh.600563,145.4171136,146.9318752,142.98402778,145.95674742,2076062,318000066.12
2023-01-06,sh.600563,145.54018798,150.21701442,144.54612568,148.18155352,3191472,498244996.55
2023-01-09,sh.600563,150.1507436,162.99781542,150.056071,160.4227207,5549632,941595273.19
2023-01-10,sh.600563,161.37891396,162.53391968,157.18491778,161.53039012,3300945,558638158.34
2023-01-11,sh.600563,162.30670544,162.836872,157.629879,158.50086692,2001314,336269336.91
2023-01-12,sh.600563,159.5706673,163.29130048,158.103242,160.27124454,1604713,272279010.99
2023-01-13,sh.600563,160.27124454,163.08302076,157.75295338,157.75295338,2590555,436427814.15
2023-01-16,sh.600563,158.28311994,161.21797054,157.2038523,158.1979146,2009224,336276549.89
2023-01-17,sh.600563,157.7718879,161.7954734,157.5352064,159.2393132,1475644,249164154.04
2023-01-18,sh.600563,159.996694,167.01193366,159.996694,164.27589552,2558214,442840760.07
2023-01-19,sh.600563,164.36110086,166.150413,161.9848186,165.16581796,1121155,195025324.15
2023-01-20,sh.600563,165.45930302,166.59537422,163.13035706,163.6889254,1103638,191625700.32
2023-01-30,sh.600563,165.71491904,174.99283384,164.7776603,169.76690632,2036226,368604507.98
2023-01-31,sh.600563,170.95978108,171.357406,167.75037994,169.6532992,1275737,228315064.59
2023-02-01,sh.600563,169.1799362,170.884043,167.2864842,168.9432547,1344913,239873263.25
2023-02-02,sh.600563,169.463954,172.304132,168.043865,169.38821592,932302,166670601.96
2023-02-03,sh.600563,168.990591,169.66276646,164.33269908,165.87586246,821203,144123381.43
2023-02-06,sh.600563,164.23802648,166.59537422,160.26177728,161.53985738,1432452,244768504.24
2023-02-07,sh.600563,161.69133354,162.836872,157.18491778,158.103242,1421624,237912382.16
2023-02-08,sh.600563,158.31152172,159.37185484,154.35420704,155.36720386,1435357,235976296.9
2023-02-09,sh.600563,154.3636743,157.13758148,153.0855942,156.66421848,1478960,243685989.44
2023-02-10,sh.600563,156.20979,156.40860246,151.86431766,154.0796565,1800734,291865976.78
2023-02-13,sh.600563,153.89977856,154.6003558,149.82885676,151.47616,2694134,431689524.46
2023-02-14,sh.600563,151.72230876,153.36014474,149.55430622,150.16021086,1505866,239769365.22
2023-02-15,sh.600563,151.2868148,155.72695974,150.3400888,155.27253126,2535017,411407665.38
2023-02-16,sh.600563,155.23466222,155.23466222,150.94599344,151.949523,1970039,319007073.64
2023-02-17,sh.600563,151.69390698,151.83591588,145.42658086,145.88100934,1931517,300061518.57
2023-02-20,sh.600563,145.1330958,147.4999108,141.98996548,146.72359548,2300315,349999213.16
2023-02-21,sh.600563,146.269167,146.35437234,144.2810424,144.93428334,950312,145618786.1
2023-02-22,sh.600563,143.93075378,145.68219688,143.0502986,144.44198582,996155,151621789.16
2023-02-23,sh.600563,145.6064588,146.62892288,143.83608118,146.01355098,1238230,189966230.82
2023-02-24,sh.600563,145.5591225,145.57805702,142.84201888,143.35325092,727127,110372548.1
2023-02-27,sh.600563,142.99349504,144.35678048,141.23258468,142.21717972,890016,133933929.74
2023-02-28,sh.600563,142.22664698,144.5177239,140.74028716,144.27157514,1408487,212535260.72
2023-03-01,sh.600563,144.14850076,149.11881226,142.96509326,145.5591225,1591875,246669652.01
2023-03-02,sh.600563,145.47391716,146.67625918,143.6183342,143.91181926,842487,128763541.07
2023-03-03,sh.600563,144.03489364,145.18989936,142.08463808,143.01242956,1102942,166845858.64
2023-03-06,sh.600563,143.0502986,144.375715,139.4054035,143.902352,2000748,299465077.47
2023-03-07,sh.600563,142.30238506,142.78521532,139.93557006,140.115448,1563005,233176552.21
2023-03-08,sh.600563,139.4054035,142.482263,139.4054035,141.3461918,1379728,205509072.95
2023-03-09,sh.600563,140.92963236,142.27398328,139.4527398,139.56634692,1204325,178600562.68
2023-03-10,sh.600563,140.588811,141.062174,137.7959693,138.13679066,1322901,194988938.56
2023-03-13,sh.600563,137.26580274,138.95097502,136.4232166,138.08945436,1503442,218393165.03
2023-03-14,sh.600563,137.61609136,138.43027572,132.55110726,136.4232166,2460198,350642107.03
2023-03-15,sh.600563,137.748633,138.20306148,133.38422614,134.908455,2280455,325902547.46
2023-03-16,sh.600563,134.6717735,140.588811,133.488366,139.58528144,3249243,475621748.02
2023-03-17,sh.600563,139.6894213,142.5769356,139.6894213,140.115448,2291388,341073703.66
2023-03-20,sh.600563,140.6834836,142.65267368,140.2101206,142.06570356,2239304,334684379.47
2023-03-21,sh.600563,142.49173026,142.6242719,141.10004304,142.02783452,1401598,210065858.59
2023-03-22,sh.600563,142.01836726,144.73547088,141.35565906,142.45386122,1302189,196265725.71
2023-03-23,sh.600563,143.30591462,143.30591462,140.40893306,141.43139714,1747582,260754761.16
2023-03-24,sh.600563,142.45386122,142.482263,138.10838888,138.5533501,2225375,329146516.7
2023-03-27,sh.600563,138.8847042,142.0089,137.1805974,137.19953192,2388497,350766054.79
2023-03-28,sh.600563,137.72023122,137.8433056,132.54164,132.9203304,2076440,294410327.57
2023-03-29,sh.600563,133.37475888,137.0859248,132.54164,136.4705529,2039610,292121300.21
2023-03-30,sh.600563,136.4705529,142.5295993,135.94038634,138.8373679,1886787,279186675.49
2023-03-31,sh.600563,138.9793768,141.82902206,137.3699426,138.23146326,1283398,188528137.93
2023-04-03,sh.600563,138.2693323,141.8195548,137.0859248,137.5119515,2545656,373392720.17
2023-04-04,sh.600563,137.52141876,137.748633,127.31571248,129.5121168,5007653,683588889.59
2023-04-06,sh.600563,127.9973552,134.0564016,127.9973552,132.64577986,2726979,375983192.29
2023-04-07,sh.600563,132.64577986,135.83624648,131.63278304,135.2871454,1756225,248173832.46
2023-04-10,sh.600563,134.7191098,138.10838888,134.70017528,137.3699426,1824600,263713375.0
2023-04-11,sh.600563,136.50842194,138.4586775,135.6658358,137.92851094,1781240,258173345.86
2023-04-12,sh.600563,138.48707928,138.48707928,134.908455,135.23034184,1122789,160957957.24
2023-04-13,sh.600563,135.39128526,136.328544,133.961729,134.61496994,1088965,155027533.88
2023-04-14,sh.600563,134.28361584,139.17818926,133.49783326,137.16166288,2043729,295984407.22
2023-04-17,sh.600563,137.10485932,141.89529288,136.33801126,138.71429352,1550589,227566855.44
2023-04-18,sh.600563,138.24093052,145.68219688,138.24093052,143.2396438,2871652,433662401.29
2023-04-19,sh.600563,143.51419434,144.31891144,141.55447152,142.17931068,955800,143707765.0
2023-04-20,sh.600563,142.0089,142.0089,138.5060138,140.12491526,1102279,162784549.89
2023-04-21,sh.600563,140.10598074,141.19471564,135.50489238,135.9971899,1234592,179769366.82
2023-04-24,sh.600563,135.98772264,135.98772264,128.93461394,129.8908072,1674556,232138531.34
2023-04-25,sh.600563,128.15829862,130.6008517,122.75249316,125.45066226,1970934,259895764.53
2023-04-26,sh.600563,126.17964128,132.80672328,125.441195,131.4055688,1965358,270836476.98
2023-04-27,sh.600563,131.88839906,135.1924728,130.8375332,132.34282754,1219915,171272707.06
2023-04-28,sh.600563,130.63872074,131.28249442,125.441195,126.11337046,2097627,281919408.87
2023-05-04,sh.600563,126.06603416,126.46365908,121.54068388,122.04244866,3045205,395058839.49
2023-05-05,sh.600563,121.33240416,122.6483533,118.99399094,120.6128924,1509152,191582398.3
2023-05-08,sh.600563,120.12059488,124.3997964,120.12059488,123.95483518,1934411,250246112.0
2023-05-09,sh.600563,122.81876398,123.9264334,119.40108312,119.7135027,1788807,228229865.91
2023-05-10,sh.600563,119.1928034,123.547743,116.5419706,122.39273728,2605476,331491111.9
2023-05-11,sh.600563,122.39273728,128.44231642,121.19986252,126.7192751,2285326,303333366.31
2023-05-12,sh.600563,126.861284,127.60919754,122.96077288,123.14065082,934938,123306364.64
2023-05-15,sh.600563,122.37380276,129.49318228,122.11818674,127.63759932,1734642,233110426.76
2023-05-16,sh.600563,127.2873107,132.71205068,126.387921,130.35470294,2144957,296768656.58
2023-05-17,sh.600563,130.648188,132.05880974,128.76420326,129.69199474,1015587,139256720.89
2023-05-18,sh.600563,129.66359296,131.8789318,127.68493562,128.07309328,929261,126906161.02
2023-05-19,sh.600563,128.4707182,129.69199474,127.50505768,129.00088476,595850,80872044.07
2023-05-22,sh.600563,128.59379258,131.10261648,128.0920278,130.48724458,652862,89698359.03
2023-05-23,sh.600563,129.701462,132.71205068,129.701462,130.19375952,706254,97831462.13
2023-05-24,sh.600563,130.44937554,130.92273854,127.91214986,129.61625666,594876,81333230.39
2023-05-25,sh.600563,129.6067894,131.4055688,128.53698902,130.28843212,555970,76334763.3
2023-05-26,sh.600563,130.67658978,131.47183962,127.49559042,128.71686696,495909,67322043.13
2023-05-29,sh.600563,129.701462,130.4588428,128.06362602,128.76420326,1028211,139969770.53
2023-05-30,sh.600563,128.3760456,129.0860901,126.13230498,128.82100682,990911,133694528.34
2023-05-31,sh.600563,129.3227716,129.3227716,125.94295978,126.861284,1005081,135043990.32
2023-06-01,sh.600563,127.0979655,129.42691146,125.04357008,127.44825412,1023371,138356332.93
2023-06-02,sh.600563,127.0979655,132.31442576,127.08849824,129.9381435,1091535,150314422.65
2023-06-05,sh.600563,130.8375332,130.87540224,127.86481356,128.68846518,777070,105926259.4
2023-06-06,sh.600563,128.0446915,130.11802144,126.4825936,126.5772662,882970,118773680.78
2023-06-07,sh.600563,125.80095088,127.79854274,124.31459106,125.08143912,1167123,154911919.28
2023-06-08,sh.600563,125.69681102,125.69681102,123.07438,123.39626684,812133,106409826.32
2023-06-09,sh.600563,122.92290384,124.7784868,122.72409138,123.91696614,1074377,140358270.82
2023-06-12,sh.600563,124.967832,133.45049696,123.547743,132.3996311,2221028,304795618.82
2023-06-13,sh.600563,132.068277,135.07886568,131.58544674,134.5297646,1262734,179000294.1
2023-06-14,sh.600563,134.98419308,135.37235074,130.84700046,131.81266098,1018977,142858122.06
2023-06-15,sh.600563,131.5002414,140.95803414,131.22569086,139.71782308,2433839,352636466.03
2023-06-16,sh.600563,139.928736,143.283192,137.64770592,140.887152,1656212,243373405.86
2023-06-19,sh.600563,140.85839952,140.85839952,136.07590368,136.50719088,1267022,181818671.05
2023-06-20,sh.600563,136.5263592,140.23542912,133.71820032,137.99273568,1650151,235019228.27
2023-06-21,sh.600563,137.293092,138.46235952,133.27732896,133.44984384,995938,140122508.73
2023-06-26,sh.600563,132.47225952,134.63827968,128.91653616,131.2071504,1653128,225867710.11
2023-06-27,sh.600563,132.23265552,132.23265552,128.0443776,129.49158576,1215094,164268725.65
2023-06-28,sh.600563,129.38616,130.33499184,126.13712976,127.28722896,2255030,301304055.86
2023-06-29,sh.600563,126.58758528,129.10821936,125.70584256,127.469328,1800602,239772328.11
2023-06-30,sh.600563,127.25847648,132.68311104,125.57166432,131.5905168,1920842,260819099.51
2023-07-03,sh.600563,131.02505136,135.59669568,130.35416016,134.09198256,1917278,267731930.01
2023-07-04,sh.600563,134.09198256,138.83614176,133.25816064,136.67970576,1460594,209344230.59
2023-07-05,sh.600563,136.58386416,137.30267616,132.8364576,133.219824,1274836,179130623.79
2023-07-06,sh.600563,133.18148736,134.31241824,130.9675464,130.9675464,704176,97139881.26
2023-07-07,sh.600563,131.3988336,131.77261584,128.91653616,129.06988272,866280,117245238.6
2023-07-10,sh.600563,129.17530848,133.20065568,128.60984304,131.42758608,917101,125740244.01
2023-07-11,sh.600563,131.302992,135.12707184,131.302992,134.5616064,956188,133450357.74
2023-07-12,sh.600563,134.8012104,136.51677504,133.32524976,134.00572512,895296,125907587.36
2023-07-13,sh.600563,134.71495296,136.51677504,134.28366576,135.84588384,773700,109424392.0
2023-07-14,sh.600563,135.84588384,136.22925024,131.40841776,133.43067552,1229051,171107480.99
2023-07-17,sh.600563,132.4530912,133.09522992,129.02196192,129.79827888,821400,111350309.0
2023-07-18,sh.600563,130.57459584,130.79503152,128.7631896,129.95162544,610612,82587104.46
2023-07-19,sh.600563,129.10821936,130.08580368,126.7984368,127.6610112,774800,103346130.0
2023-07-20,sh.600563,127.6610112,129.0027936,126.7025952,126.93261504,566719,75585867.54
2023-07-21,sh.600563,126.53966448,128.41815984,126.05087232,126.81760512,553800,73406062.49
2023-07-24,sh.600563,126.19463472,126.32881296,124.31613936,125.23621872,763345,99589371.05
2023-07-25,sh.600563,125.66750592,129.27115008,125.66750592,129.15614016,912704,122414277.54
2023-07-26,sh.600563,129.06988272,129.49158576,127.48849632,127.9964568,428025,57183661.0
2023-07-27,sh.600563,128.92612032,129.08905104,124.89118896,125.14996128,889398,117069084.76
2023-07-28,sh.600563,125.552496,125.9837832,124.0190304,124.3065552,834051,108430756.64
2023-07-31,sh.600563,123.8273472,129.38616,123.8273472,129.1944768,1481207,197981029.25
2023-08-01,sh.600563,129.01237776,130.6800216,128.08271424,129.6736848,717151,96920475.28
2023-08-02,sh.600563,129.27115008,130.21039776,127.9964568,128.2360608,453492,60929085.9
2023-08-03,sh.600563,129.0027936,129.5778432,127.58433792,129.38616,648998,87194555.8
2023-08-04,sh.600563,129.865368,134.657448,129.44366496,134.2261608,1845742,255804766.8
2023-08-07,sh.600563,134.18782416,135.60627984,132.75020016,134.18782416,841840,117501214.79
2023-08-08,sh.600563,134.18782416,134.23574496,130.35416016,131.10172464,752550,103254696.96
2023-08-09,sh.600563,130.4883384,131.79178416,130.2008136,131.64802176,380677,52150541.43
2023-08-10,sh.600563,131.18798208,132.38600208,129.5778432,129.9612096,527933,71882258.13
2023-08-11,sh.600563,129.75035808,130.02829872,126.750516,126.88469424,500319,66791052.01
2023-08-14,sh.600563,126.4629912,127.74726864,123.83693136,125.44707024,799748,104310257.08
2023-08-15,sh.600563,125.5045752,126.271308,122.94560448,123.83693136,678952,87869268.08
2023-08-16,sh.600563,123.74108976,124.2586344,120.0895248,121.18211904,775409,98455627.0
2023-08-17,sh.600563,120.5687328,121.718832,119.15027712,121.32588144,626576,78806867.18
2023-08-18,sh.600563,121.84342608,122.2938816,119.26528704,119.74449504,432144,54340410.76
2023-08-21,sh.600563,119.62948512,120.68374272,117.03217776,117.5497224,964414,119069364.75
2023-08-22,sh.600563,117.61681152,118.11518784,108.57894864,110.42869152,2319848,270192867.34
2023-08-23,sh.600563,110.20825584,110.21784,102.550512,104.6590272,2286836,251452788.62
2023-08-24,sh.600563,104.946552,108.14766144,101.69752176,108.05181984,2396513,264003533.71
2023-08-25,sh.600563,106.74837408,108.75146352,105.7132848,106.80587904,1400779,156407469.33
2023-08-28,sh.600563,111.83756304,113.34227616,103.7006112,104.15106672,2487845,276825123.18
2023-08-29,sh.600563,103.97855184,112.02924624,103.10639328,111.176256,2314976,262166285.7
2023-08-30,sh.600563,112.12508784,113.53395936,110.51494896,110.87914704,1311236,152549373.73
2023-08-31,sh.600563,110.71621632,111.49253328,108.67479024,108.9239784,1246582,142552316.82
2023-09-01,sh.600563,109.43193888,110.6012064,107.342592,108.780216,1077915,122271742.45
2023-09-04,sh.600563,109.70029536,110.97498864,108.45435456,109.259424,1501545,171571599.9
2023-09-05,sh.600563,109.26900816,109.90156272,107.4384336,107.4384336,1250945,141176116.39
2023-09-06,sh.600563,107.08381968,109.3073448,106.20207696,108.8281368,946858,106628094.6
2023-09-07,sh.600563,108.65562192,108.65562192,105.81871056,105.86663136,1096061,121821858.21
2023-09-08,sh.600563,105.62702736,108.301008,104.0839776,107.17007712,1173206,130555640.24
2023-09-11,sh.600563,107.17007712,108.1093248,105.42576,106.5279384,1262100,140620788.0
2023-09-12,sh.600563,106.50877008,106.5758592,104.49609648,105.62702736,828200,91274236.86
2023-09-13,sh.600563,105.0903144,106.12540368,102.42591792,103.52809632,1555619,168018955.64
2023-09-14,sh.600563,104.02647264,104.6111064,102.4067496,103.78686864,1442002,155936909.89
2023-09-15,sh.600563,103.77728448,104.35233408,101.592096,101.79336336,1119733,119614410.64
2023-09-18,sh.600563,102.00421488,105.6174432,101.58251184,103.25973984,1690194,183031030.16
2023-09-19,sh.600563,103.33641312,103.33641312,100.75827408,101.05538304,1362113,144185862.47
2023-09-20,sh.600563,100.78702656,100.9212048,98.5251648,98.60183808,2230640,230943061.7
2023-09-21,sh.600563,98.60183808,98.60183808,96.39748128,97.1354616,2407469,244055385.12
2023-09-22,sh.600563,96.86710512,98.9085312,95.85118416,96.82876848,2000464,202263609.04
2023-09-25,sh.600563,96.8958576,97.518828,94.56690672,94.72025328,2267806,225716597.34
2023-09-26,sh.600563,94.76817408,95.2186296,92.79383712,92.966352,1875879,183544208.77
2023-09-27,sh.600563,92.966352,94.9790256,92.6309064,93.24429264,2024600,197418044.0
2023-09-28,sh.600563,93.5414016,94.4998176,92.27629248,92.89926288,1749067,170115471.35
2023-10-09,sh.600563,92.89926288,93.6372432,90.99201504,91.6245696,1374150,131923993.0
2023-10-10,sh.600563,91.88334192,92.46797568,90.40738128,90.7140744,1356499,128934317.26
2023-10-11,sh.600563,91.1453616,93.70433232,90.7619952,91.1932824,3364488,323838837.84
2023-10-12,sh.600563,91.9120944,93.7810056,91.29870816,92.80342128,1906217,184569882.3
2023-10-13,sh.600563,92.13253008,92.71716384,90.89617344,92.54464896,1405955,134807935.5
2023-10-16,sh.600563,92.85134208,92.8705104,89.611896,90.091104,1547821,145974520.68
2023-10-17,sh.600563,89.611896,91.03035168,89.44896528,89.76524256,1091290,102415000.7
2023-10-18,sh.600563,89.77482672,89.77482672,87.81007392,88.71098496,1637942,151092856.55
2023-10-19,sh.600563,87.0241728,88.174272,86.34369744,86.91874704,1175232,106852331.51
2023-10-20,sh.600563,86.14243008,88.15510368,86.09450928,87.215856,2261035,205732693.33
2023-10-23,sh.600563,86.7845688,87.22544016,84.82940016,85.05942,1479800,132292435.05
2023-10-24,sh.600563,85.76864784,86.71747968,84.1968456,85.3469448,1194795,106496536.35
2023-10-25,sh.600563,85.8740736,87.19668768,85.4907072,85.61530128,1189412,106954746.36
2023-10-26,sh.600563,85.16484576,85.17442992,82.9988256,84.2447664,1491362,130336468.65
2023-10-27,sh.600563,83.36302368,90.93451008,83.30551872,90.2348664,3266098,298651000.61
2023-10-30,sh.600563,89.2285296,99.26314512,88.33720272,99.26314512,7021451,698569055.16
2023-10-31,sh.600563,98.89894704,99.93403632,94.8352632,95.65950096,4203134,421383191.1
2023-11-01,sh.600563,96.3687288,96.6562536,94.50940176,95.4582336,2016877,201058501.51
2023-11-02,sh.600563,95.601996,96.30163968,93.38805504,93.6372432,2112909,207483385.39
2023-11-03,sh.600563,93.32096592,96.7520952,93.16761936,96.31122384,1925347,192367576.19
2023-11-06,sh.600563,96.92461008,102.06171984,96.31122384,101.37166032,3217571,337320908.04
2023-11-07,sh.600563,101.112888,101.112888,98.3814024,98.98520448,1865184,193387795.88
2023-11-08,sh.600563,99.12896688,99.12896688,96.80960016,97.58591712,1420155,144441044.54
2023-11-09,sh.600563,97.01086752,99.07146192,96.82876848,98.45807568,1250202,127913438.34
2023-11-10,sh.600563,98.45807568,98.5251648,96.33039216,96.86710512,1205408,122160709.8
2023-11-13,sh.600563,97.2313032,97.9501152,95.1707088,95.87993664,1352811,135763389.95
2023-11-14,sh.600563,95.9374416,96.55082784,94.50940176,95.86076832,1515193,150969021.95
2023-11-15,sh.600563,96.95336256,97.4229864,95.362392,95.82243168,1395799,139940824.26
2023-11-16,sh.600563,95.0748672,95.2186296,93.74266896,93.79058976,1079371,106113826.65
2023-11-17,sh.600563,92.97593616,96.23455056,92.97593616,96.06203568,1750965,174180010.98
2023-11-20,sh.600563,96.06203568,96.43581792,93.77142144,95.32405536,2079442,206177180.2
2023-11-21,sh.600563,95.362392,95.362392,93.3017976,93.7810056,1225651,120358511.88
2023-11-22,sh.600563,93.40722336,93.88643136,92.1996192,92.24754,1041054,100757128.01
2023-11-23,sh.600563,92.3433816,93.2538768,91.7204112,93.07177776,769050,74295718.5
2023-11-24,sh.600563,92.92801536,93.14845104,90.7619952,90.82908432,775866,73980836.3
2023-11-27,sh.600563,90.7140744,90.94409424,89.611896,90.2827872,1090272,102550944.6
2023-11-28,sh.600563,90.1869456,90.89617344,88.86433152,89.5160544,1542414,143975857.35
2023-11-29,sh.600563,90.16777728,91.56706464,89.3243712,91.1453616,1233756,116904931.38
2023-11-30,sh.600563,91.15494576,91.3370448,89.62148016,90.091104,723236,68065293.38
2023-12-01,sh.600563,90.03359904,90.83866848,89.0368464,90.1869456,844200,79056192.0
2023-12-04,sh.600563,90.091104,90.091104,88.5576384,88.5576384,649100,60215857.0
2023-12-05,sh.600563,88.1263512,88.28928192,86.25744,86.25744,876702,79715106.86
2023-12-06,sh.600563,85.8261528,88.47138096,85.80698448,86.61205392,994349,90640561.07
2023-12-07,sh.600563,86.42995488,86.5449648,84.21601392,85.32777648,1155485,102730967.1
2023-12-08,sh.600563,85.40444976,86.81332128,84.4843704,86.22868752,1178258,105589051.9
2023-12-11,sh.600563,85.30860816,89.11351968,84.36936048,89.06559888,1972539,178228844.96
2023-12-12,sh.600563,89.06559888,89.0847672,85.69197456,85.778232,1441286,130302087.0
2023-12-13,sh.600563,85.79740032,86.0657568,83.5259544,83.58345936,1420547,124778971.93
2023-12-14,sh.600563,83.4780336,85.18401408,82.6154592,82.7592216,1087442,94663857.62
2023-12-15,sh.600563,82.8071424,84.25435056,81.97332048,81.97332048,1136940,98393740.0
2023-12-18,sh.600563,81.704964,82.60587504,80.58361728,80.99573616,1194236,101598018.68
2023-12-19,sh.600563,81.0340728,81.82955808,79.8839736,80.63153808,1556050,130862770.0
2023-12-20,sh.600563,80.49735984,80.6986272,78.9734784,79.22266656,1163100,96471678.25
2023-12-21,sh.600563,78.98306256,81.58995408,78.48468624,81.50369664,1824560,152826268.4
2023-12-22,sh.600563,80.87114208,83.8614,79.72104288,83.621796,2219980,190731107.51
2023-12-25,sh.600563,82.9988256,84.6281328,80.96698368,82.33751856,1782034,153239000.92
2023-12-26,sh.600563,82.423776,82.423776,81.10116192,81.46536,672299,57186747.72
2023-12-27,sh.600563,81.68579568,82.30876608,80.25775584,81.1299144,1282903,108081750.07
2023-12-28,sh.600563,80.77530048,88.174272,80.506944,88.10718288,2854955,255949714.7
2023-12-29,sh.600563,88.10718288,89.5160544,87.68547984,88.7493216,1840379,170101330.03
2024-01-02,sh.600563,88.174272,88.54805424,84.1489248,84.1968456,1700674,152238638.19
2024-01-03,sh.600563,84.1968456,84.340608,81.58995408,82.6154592,1611412,138821018.92
2024-01-04,sh.600563,82.423776,83.30551872,78.590112,82.5196176,2725051,230576993.64
2024-01-05,sh.600563,82.46211264,84.6281328,80.39193408,80.88072624,1741944,149557024.24
2024-01-08,sh.600563,80.3152608,81.0819936,77.71795344,77.71795344,1431660,117819218.47
2024-01-09,sh.600563,78.19716144,80.82322128,76.8649632,79.66353792,1989999,164932903.76
2024-01-10,sh.600563,79.1172408,87.215856,78.94472592,85.9699152,3982238,351772130.62
2024-01-11,sh.600563,85.30860816,87.9825888,84.26393472,86.4491232,3560585,320695884.18
2024-01-12,sh.600563,86.25744,89.8994208,84.819816,88.04009376,2790013,257590095.52
2024-01-15,sh.600563,87.30211344,89.11351968,85.64405376,86.82290544,1422946,129757828.35
2024-01-16,sh.600563,86.3053608,90.570312,86.25744,89.55439104,2233395,207225693.35
2024-01-17,sh.600563,89.132688,90.3786288,88.14551952,88.8451632,2566062,239445155.38
2024-01-18,sh.600563,88.91225232,97.62425376,87.23502432,96.33039216,4214857,406014159.6
2024-01-19,sh.600563,94.9790256,95.24738208,92.30504496,92.45839152,2260828,219845245.4
2024-01-22,sh.600563,91.93126272,97.45173888,90.65656944,93.55098576,3092951,305629307.52
2024-01-23,sh.600563,92.50631232,101.99463072,91.25078736,99.7231848,3674405,377985481.78
2024-01-24,sh.600563,100.50908592,100.62409584,92.68841136,95.72659008,3963772,393563936.94
2024-01-25,sh.600563,94.67233248,94.6915008,90.93451008,92.97593616,2946150,284597855.16
2024-01-26,sh.600563,91.95043104,92.57340144,89.14227216,89.8994208,2593458,244906789.51
2024-01-29,sh.600563,89.9473416,90.08151984,84.63771696,85.18401408,2371175,214931074.22
2024-01-30,sh.600563,84.35977632,87.19668768,81.5612016,82.0404096,2145674,188057531.59
2024-01-31,sh.600563,81.46536,85.07858832,80.29609248,82.44294432,2231032,192592507.93
2024-02-01,sh.600563,82.1362512,88.24136112,81.6570432,86.32452912,2938704,263994985.37
2024-02-02,sh.600563,86.13284592,86.17118256,81.3695184,83.58345936,2746780,240164378.41
2024-02-05,sh.600563,82.52920176,91.94084688,82.09791456,91.94084688,4031147,369286700.03
2024-02-06,sh.600563,95.37197616,96.40706544,90.05276736,95.2186296,4487475,441443416.48
2024-02-07,sh.600563,94.58607504,104.74528464,94.58607504,103.988136,5434843,567727910.83
2024-02-08,sh.600563,101.88920496,109.89197856,100.154472,100.4899176,4057733,444404135.93
2024-02-19,sh.600563,100.4419968,103.34599728,97.78718448,99.83819472,3112877,326207128.35
2024-02-20,sh.600563,98.6210064,100.4419968,95.85118416,98.23764,2948443,302565759.92
2024-02-21,sh.600563,98.06512512,101.52500688,94.7873424,97.9501152,2979653,305329717.63
2024-02-22,sh.600563,98.01720432,100.3461552,97.1833824,99.85736304,2295565,236606068.51
2024-02-23,sh.600563,99.8669472,101.4004128,97.35589728,98.96603616,2823469,291810235.67
2024-02-26,sh.600563,98.93728368,98.96603616,95.05569888,96.01411488,2731717,274440559.37
2024-02-27,sh.600563,95.2665504,98.6689272,94.76817408,98.0938776,3072796,310251991.28
2024-02-28,sh.600563,97.93094688,100.5857592,96.29205552,96.29205552,2661319,274484897.84
2024-02-29,sh.600563,95.19946128,99.93403632,95.16112464,99.93403632,2608150,267083756.11
2024-03-01,sh.600563,99.9627888,100.38449184,97.2313032,98.5251648,3316204,340181429.5
2024-03-04,sh.600563,98.31431328,99.46441248,95.44864944,95.91827328,3025679,304952582.52
2024-03-05,sh.600563,94.91193648,99.63692736,94.20270864,99.6273432,3775751,384325605.65
2024-03-06,sh.600563,98.72643216,103.25015568,97.01086752,102.14797728,3968765,416108921.06
2024-03-07,sh.600563,101.592096,102.39716544,98.9085312,98.9085312,2278335,239359022.31
2024-03-08,sh.600563,98.74560048,106.36500768,98.43890736,105.38742336,3403963,365491644.22
2024-03-11,sh.600563,104.467344,110.0261568,103.988136,109.6427904,3445657,385934066.07
2024-03-12,sh.600563,109.52778048,112.1825928,107.83138416,109.81530528,3619754,419100831.08
2024-03-13,sh.600563,109.82488944,111.40627584,106.0966512,106.37459184,3019887,340786174.87
2024-03-14,sh.600563,106.1924928,107.07423552,105.14781936,106.03914624,2081643,230044690.14
2024-03-15,sh.600563,106.07748288,106.2883344,101.84128416,103.508928,2320581,249887980.39
2024-03-18,sh.600563,103.988136,105.45451248,103.02972,105.43534416,1738874,189431419.08
2024-03-19,sh.600563,104.5631856,105.42576,102.56009616,102.56009616,1848950,198995398.24
2024-03-20,sh.600563,102.1671456,103.80603696,100.0107096,102.72302688,2079363,220725648.84
2024-03-21,sh.600563,102.08088816,102.94346256,100.07779872,100.13530368,1812700,191513815.73
2024-03-22,sh.600563,99.99154128,100.52825424,98.23764,98.23764,1946367,201033929.99
2024-03-25,sh.600563,99.18647184,100.09696704,95.8895208,95.92785744,2629279,265755600.98
2024-03-26,sh.600563,95.8416,96.4166496,92.1996192,93.4934808,3850881,375808547.23
2024-03-27,sh.600563,93.5893224,95.89910496,92.78425296,94.6915008,2799513,276018289.31
2024-03-28,sh.600563,94.23146112,96.1291248,93.3497184,95.28571872,2766246,273931169.37
2024-03-29,sh.600563,94.76817408,95.9374416,91.8641736,94.76817408,2756245,268417774.6
2024-04-01,sh.600563,94.4998176,98.23764,94.403976,97.7105112,2665300,269003761.55
2024-04-02,sh.600563,96.800016,99.9627888,95.67866928,96.05245152,3226481,329206125.45
2024-04-03,sh.600563,95.66908512,95.7457584,91.9120944,92.3433816,3327466,323166660.21
2024-04-08,sh.600563,92.37213408,92.94718368,90.35946048,90.8578368,1994663,190390649.13
2024-04-09,sh.600563,90.08151984,91.37538144,89.7077376,90.63740112,1742183,164251229.33
2024-04-10,sh.600563,90.7140744,90.73324272,88.00175712,88.413876,1864754,172631732.17
2024-04-11,sh.600563,87.97300464,88.38512352,85.8740736,86.31494496,3235640,293212118.4
2024-04-12,sh.600563,86.24785584,88.0784304,84.819816,87.42670752,2488815,224681288.56
2024-04-15,sh.600563,87.10084608,90.16777728,86.66955888,88.3659552,1989145,184283663.21
2024-04-16,sh.600563,88.4617968,88.95058896,87.0241728,87.23502432,2201501,202437523.5
2024-04-17,sh.600563,87.8388264,90.07193568,86.42037072,89.90900496,2362020,218811686.59
2024-04-18,sh.600563,89.67898512,92.47755984,87.4075392,90.89617344,2650035,250513515.4
2024-04-19,sh.600563,89.98567824,92.8225896,88.5097176,91.89292608,2529580,239576718.06
2024-04-22,sh.600563,91.04952,91.92167856,88.7014008,88.80682656,2261441,212010562.8
2024-04-23,sh.600563,88.9410048,89.5160544,86.88999456,88.73015328,1978586,181987237.5
2024-04-24,sh.600563,89.52563856,89.611896,86.7845688,87.84841056,1998262,182627134.86
2024-04-25,sh.600563,88.04009376,88.80682656,85.94116272,87.10084608,1437936,131141295.36
2024-04-26,sh.600563,86.80373712,90.2827872,86.55454896,90.05276736,2720741,254054208.64
2024-04-29,sh.600563,90.31153968,95.51573856,90.07193568,94.86401568,3257138,319382630.7
2024-04-30,sh.600563,93.7810056,95.16112464,92.26670832,94.403976,2341047,230157283.5
2024-05-06,sh.600563,95.8416,97.35589728,94.41356016,96.01411488,1836560,184455462.57
2024-05-07,sh.600563,96.25371888,96.79043184,94.13561952,94.23146112,1495500,148253739.5
2024-05-08,sh.600563,94.3081344,94.39439184,91.3370448,91.4328864,1439810,138631000.2
2024-05-09,sh.600563,91.55748048,95.70742176,91.22203488,95.16112464,1865871,183383241.19
2024-05-10,sh.600563,95.16112464,95.68825344,92.7746688,93.42639168,1196961,116958544.95
2024-05-13,sh.600563,92.49672816,92.726748,89.611896,89.72690592,2388540,225957464.15
2024-05-14,sh.600563,90.14860896,90.81950016,88.4617968,88.57680672,1372009,127735844.03
2024-05-15,sh.600563,88.57680672,89.50647024,87.695064,87.7909056,867600,80096055.0
2024-05-16,sh.600563,88.00175712,88.5097176,86.5449648,86.6408064,2428213,220750275.8
2024-05-17,sh.600563,86.26702416,86.87082624,85.12650912,86.1615984,2889240,258257771.17
2024-05-20,sh.600563,86.17118256,86.38203408,83.55470688,85.57696464,4284743,379181250.76
2024-05-21,sh.600563,85.16484576,85.38528144,83.3342712,83.60262768,2862200,250741683.42
2024-05-22,sh.600563,83.4780336,85.96033104,83.382192,85.83573696,3682169,325526504.7
2024-05-23,sh.600563,85.47153888,85.47153888,83.65054848,84.1489248,2925672,257311986.7
2024-05-24,sh.600563,84.09141984,84.340608,81.11074608,81.12033024,2812569,241120936.95
2024-05-27,sh.600563,80.99573616,83.26718208,79.76896368,82.73046912,2418117,205775146.24
2024-05-28,sh.600563,82.6154592,82.73046912,80.09482512,80.53569648,2689300,227394512.0
2024-05-29,sh.600563,80.42068656,82.89339984,80.28650832,80.82322128,1898949,161880917.68
2024-05-30,sh.600563,80.67945888,82.01165712,79.66353792,81.69537984,1987939,167806926.13
2024-05-31,sh.600563,81.67621152,83.13300384,81.47494416,81.47494416,1571237,134778713.15
2024-06-03,sh.600563,81.8966472,82.48128096,80.67945888,82.02124128,1323184,112906880.72
2024-06-04,sh.600563,81.46536,83.69846928,81.46536,83.68888512,1954826,169023858.87
2024-06-05,sh.600563,83.4301128,84.33102384,83.12341968,83.48761776,1611600,140736562.0
2024-06-06,sh.600563,84.02433072,85.46195472,83.74639008,84.46520208,2800198,247254476.55
2024-06-07,sh.600563,84.46520208,84.50353872,81.06282528,81.50369664,2524868,216568419.74
2024-06-11,sh.600563,81.04365696,83.94765744,80.3152608,83.51637024,2002686,172913477.64
2024-06-12,sh.600563,83.00840976,84.16809312,82.04999376,82.22250864,1634700,140915918.0
2024-06-13,sh.600563,82.24167696,84.11058816,81.7528848,82.60587504,1948036,168866156.37
2024-06-14,sh.600563,82.74324672,82.74324672,79.99593152,80.51595904,2783260,228863900.0
2024-06-17,sh.600563,80.33934592,84.872416,80.08423808,83.99916224,3341572,283843886.08
2024-06-18,sh.600563,84.14633984,85.25507776,83.50857024,84.12671616,1697244,146014137.07
2024-06-19,sh.600563,84.0874688,84.0874688,80.8495616,81.02617472,2465001,205067596.87
2024-06-20,sh.600563,80.457088,81.30090624,77.54297152,77.62146624,2854370,228407902.62
2024-06-21,sh.600563,77.50372416,78.6909568,75.72778112,78.13168192,2240143,177381663.71
2024-06-24,sh.600563,77.513536,78.89700544,76.3361152,77.1210624,2552633,201613939.06
2024-06-25,sh.600563,77.34673472,77.6607136,73.9812736,74.69753792,3968085,303712530.05
2024-06-26,sh.600563,74.35412352,75.93382976,73.30425664,75.68853376,2522813,192564360.63
2024-06-27,sh.600563,75.17831808,75.53154432,73.92240256,74.65829056,1763427,134050263.43
2024-06-28,sh.600563,74.53073664,76.71877696,74.2756288,74.74659712,1995288,153707175.23
2024-07-01,sh.600563,74.41299456,77.24861632,74.3737472,76.1398784,2000620,154725396.71
2024-07-02,sh.600563,75.88477056,76.95426112,75.305872,75.61985088,1597160,123567784.48
2024-07-03,sh.600563,75.70815744,75.82589952,74.079392,74.48167744,1023062,77883738.6
2024-07-04,sh.600563,74.46205376,74.92321024,72.4604384,72.63705152,1827256,136487405.68
2024-07-05,sh.600563,72.58799232,73.3925632,71.2339584,72.607616,1605011,117829740.92
2024-07-08,sh.600563,72.36232,72.77441728,70.21352704,70.399952,1532864,111148980.06
2024-07-09,sh.600563,70.2527744,73.17670272,69.87992448,72.84310016,2353409,171587462.06
2024-07-10,sh.600563,72.5094976,75.31568384,72.29363712,73.46124608,1701413,128457972.86
2024-07-11,sh.600563,74.56017216,76.2379968,73.7850368,74.45224192,1920246,146158268.27
2024-07-12,sh.600563,74.0303328,74.8643392,73.10801984,74.4718656,1259519,95127800.72
2024-07-15,sh.600563,73.8831552,75.73759296,73.72616576,74.80546816,1279090,97658623.5
2024-07-16,sh.600563,74.74659712,81.7816864,74.45224192,81.192976,4417849,355846555.81
2024-07-17,sh.600563,81.00655104,85.79472896,80.94768,83.55762944,5588525,479407004.89
2024-07-18,sh.600563,83.45951104,84.88222784,82.5175744,84.02859776,2672614,228375575.81
2024-07-19,sh.600563,83.891232,85.64755136,83.51838208,84.75467392,3343536,289180381.48
2024-07-22,sh.600563,84.74486208,84.90185152,83.57725312,84.29351744,1992225,170904375.45
2024-07-23,sh.600563,84.11690432,85.4611264,82.91985984,84.64674368,3379502,291004586.79
2024-07-24,sh.600563,83.9402912,87.815968,83.9402912,85.69661056,3467470,304160567.86
2024-07-25,sh.600563,84.74486208,90.268928,84.34257664,90.268928,4437363,400032045.03
2024-07-26,sh.600563,89.29755584,91.47578432,87.99258112,88.44392576,4004601,365595086.58
2024-07-29,sh.600563,88.551856,89.08169536,85.50037376,85.8045408,2824311,249479940.75
2024-07-30,sh.600563,85.8045408,85.8045408,83.42026368,84.83316864,2138199,183833154.28
2024-07-31,sh.600563,84.872416,86.0007776,83.7440544,85.0195936,2127399,184289283.77
2024-08-01,sh.600563,85.53962112,85.74566976,83.06703744,83.58706496,2062402,176251488.38
2024-08-02,sh.600563,83.37120448,84.56824896,82.5175744,82.8119296,1202659,102304018.07
2024-08-05,sh.600563,82.44889152,84.6761792,80.15292096,80.4080288,2169725,181831969.07
2024-08-06,sh.600563,81.51676672,85.61811584,81.51676672,85.51999744,3056489,261522090.86
2024-08-07,sh.600563,85.05884096,86.71704192,82.92967168,83.16515584,1971759,169721402.43
2024-08-08,sh.600563,83.22402688,83.27308608,81.47751936,81.7326272,1347700,112738906.0
2024-08-09,sh.600563,81.89942848,82.8609888,81.01636288,81.06542208,908197,75563963.9
2024-08-12,sh.600563,80.76125504,81.62469696,80.07442624,80.91824448,777897,64026438.19
2024-08-13,sh.600563,80.57483008,82.30171392,80.3099104,81.8307456,1094248,90857111.95
2024-08-14,sh.600563,81.85036928,81.85036928,78.1022464,78.31810688,1686852,136038903.64
2024-08-15,sh.600563,78.1022464,79.966496,76.88557824,78.30829504,1358228,108430905.52
2024-08-16,sh.600563,78.16111744,78.79888704,77.19955712,77.57240704,1556816,123434152.44
2024-08-19,sh.600563,77.37617024,78.4456608,76.55197568,76.79727168,1391801,109522263.13
2024-08-20,sh.600563,76.532352,76.90520192,74.93302208,75.28624832,948156,72948779.68
2024-08-21,sh.600563,74.8643392,75.88477056,73.35331584,73.47105792,1231785,93270384.25
2024-08-22,sh.600563,73.00990144,73.46124608,71.65586752,72.10721216,1091451,80522583.84
2024-08-23,sh.600563,71.8226688,72.1660832,70.4980704,71.9207872,1305301,94756399.27
2024-08-26,sh.600563,75.4039904,78.5928384,75.1586944,76.777648,3613670,283138049.5
2024-08-27,sh.600563,77.3172992,77.3172992,74.56017216,76.73840064,2107571,163038280.41
2024-08-28,sh.600563,76.74821248,77.77845568,76.05157184,77.022944,1233350,96757095.35
2024-08-29,sh.600563,76.74821248,82.49795072,76.3361152,82.18397184,2702400,222105742.0
2024-08-30,sh.600563,82.18397184,86.06946048,81.75225088,83.92066752,4553250,392616633.5
2024-09-02,sh.600563,83.92066752,84.381824,82.910048,82.910048,2317500,197141165.0
2024-09-03,sh.600563,83.09647296,85.49056192,82.52738624,84.0384096,2015194,173142650.93
2024-09-04,sh.600563,83.47913472,84.872416,83.04741376,83.57725312,1675900,143276335.65
2024-09-05,sh.600563,83.71461888,84.25427008,82.8119296,83.29270976,1447260,122837733.35
2024-09-06,sh.600563,83.29270976,83.87160832,80.5552064,80.71219584,1524700,127033910.0
2024-09-09,sh.600563,80.63370112,81.70319168,79.55439872,80.57483008,1212300,99424990.0
2024-09-10,sh.600563,80.30009856,84.0874688,80.0646144,83.60668864,1769656,148731108.74
2024-09-11,sh.600563,82.74324672,86.52080512,82.7138112,84.89203968,2711002,235399079.9
2024-09-12,sh.600563,85.4120672,86.4423104,83.70480704,83.95991488,1906279,164729853.81
2024-09-13,sh.600563,83.891232,84.381824,81.76206272,82.5175744,2340253,197100770.12
2024-09-18,sh.600563,82.6156928,83.02779008,81.1439168,82.78249408,1485300,124486028.73
2024-09-19,sh.600563,83.40064,83.78330176,82.14472448,82.65494016,1319655,111527134.37
2024-09-20,sh.600563,82.34096128,84.136528,82.09566528,83.91085568,1653412,139954527.56
2024-09-23,sh.600563,84.54862528,85.93209472,83.01797824,84.64674368,1911678,164435367.96
2024-09-24,sh.600563,84.6761792,87.6197312,83.93047936,87.4234944,2438570,214865450.09
2024-09-25,sh.600563,87.53142464,89.4349216,86.05964864,86.42268672,2441243,218383170.22
2024-09-26,sh.600563,86.25588544,89.287744,85.4611264,89.17981376,2088464,186555059.48
2024-09-27,sh.600563,90.268928,93.21248,89.73908864,93.14379712,1765378,165765794.08
2024-09-30,sh.600563,97.88291584,101.33668352,96.3522688,101.2581888,7530197,760906959.87
2024-10-08,sh.600563,111.38400768,111.38400768,102.043136,107.45927168,6798822,749936645.81
2024-10-09,sh.600563,105.2810432,109.38239232,102.06275968,102.9752608,4679569,504484667.26
2024-10-10,sh.600563,103.01450816,107.52795456,103.01450816,105.33991424,3730304,401488166.15
2024-10-11,sh.600563,105.26141952,106.3112864,97.14702784,98.363696,3538640,362899734.17
2024-10-14,sh.600563,98.81504064,101.04232832,97.02928576,100.49286528,2539757,256655498.4
2024-10-15,sh.600563,100.57136,105.16330112,98.62861568,101.51329664,3524050,368867122.66
2024-10-16,sh.600563,100.080768,104.7904512,98.47162624,103.77001984,3623889,380092610.66
2024-10-17,sh.600563,102.9752608,105.722576,102.0921952,103.81907904,2811368,298352477.4
2024-10-18,sh.600563,103.81907904,113.6211072,103.19112128,111.28588928,4863642,540517227.8
2024-10-21,sh.600563,112.70860608,115.779712,110.17715136,112.2965088,4579035,528866323.82
2024-10-22,sh.600563,110.88360384,112.27688512,105.66370496,106.66451264,5219008,575208125.38
2024-10-23,sh.600563,106.72338368,111.0700288,106.18373248,108.15591232,5375074,596938064.83
2024-10-24,sh.600563,108.15591232,109.70618304,106.5565824,108.69556352,1532306,169314510.76
2024-10-25,sh.600563,107.7340032,115.01438848,107.7340032,113.77809664,4130395,476535774.44
2024-10-28,sh.600563,113.326752,114.9947648,111.86478784,112.84597184,2622298,302819191.62
2024-10-29,sh.600563,112.84597184,116.5646592,112.47312192,115.06344768,2828775,331413895.75
2024-10-30,sh.600563,113.92527424,116.25068032,109.5001344,110.66774336,4022465,458114388.93
2024-10-31,sh.600563,112.83616,115.9759488,110.7756736,111.2662656,3946801,452686254.69
2024-11-01,sh.600563,110.75604992,122.29477376,110.75604992,120.72487936,5982953,727176402.98
2024-11-04,sh.600563,117.85001024,130.97825216,117.85001024,126.4746176,6593169,853455239.14
2024-11-05,sh.600563,126.082144,132.32247424,125.591552,130.48766016,3846480,508659327.74
2024-11-06,sh.600563,129.84007872,134.9128,127.13201088,130.988064,4206614,566566200.98
2024-11-07,sh.600563,130.00688,131.81225856,127.3576832,130.52690752,3232811,426166119.49
2024-11-08,sh.600563,131.76319936,136.2864576,131.21373632,132.45984,3481835,475585427.76
2024-11-11,sh.600563,130.8899456,137.7582336,130.3012352,134.9618592,3333776,459497134.94
2024-11-12,sh.600563,134.9618592,137.91522304,129.93819712,131.01749952,3853503,521901945.84
2024-11-13,sh.600563,130.497472,130.5955904,127.91695808,129.99706816,2784814,366924172.47
2024-11-14,sh.600563,129.54572352,131.02731136,123.7763616,124.6594272,3998243,516733151.61
2024-11-15,sh.600563,124.610368,126.8670912,122.16721984,122.648,3289939,416736116.97
2024-11-18,sh.600563,123.383888,127.82865152,122.2555264,123.6782432,3721279,474099518.79
2024-11-19,sh.600563,123.5801248,127.4067424,122.8442368,126.6708544,2281996,290787450.2
2024-11-20,sh.600563,126.45499392,129.9087616,125.61117568,128.3388672,3070937,402669869.41
2024-11-21,sh.600563,127.55392,132.4107808,127.4558016,130.742768,2146060,286379165.16
2024-11-22,sh.600563,130.31104704,132.15567296,126.6708544,126.6708544,1918548,252704099.16
2024-11-25,sh.600563,126.7689728,131.1352416,124.08052864,125.84665984,3015441,392217800.76
2024-11-26,sh.600563,125.84665984,128.06413568,124.610368,124.6594272,2047277,262472226.01
2024-11-27,sh.600563,125.10096,129.39854592,123.5310656,128.88833024,2141062,277424089.44
2024-11-28,sh.600563,128.8294592,129.39854592,125.47380992,125.99383744,1770337,229960014.17
2024-11-29,sh.600563,124.9047232,128.72152896,124.62999168,127.26937664,1302037,168418060.98
2024-12-02,sh.600563,127.98564096,132.00849536,126.87690304,130.5955904,2726099,361964088.86
2024-12-03,sh.600563,132.2636032,132.45002816,127.68147392,128.7313408,1659100,219315929.0
2024-12-04,sh.600563,128.45660928,129.7125248,124.81641664,125.8859072,2010236,258652845.72
2024-12-05,sh.600563,125.55230464,125.7877888,121.70606336,122.9914144,3102152,389602910.19
2024-12-06,sh.600563,123.51144192,127.32824768,122.26533824,125.6406112,1968479,251187633.62
2024-12-09,sh.600563,125.6406112,126.84746752,124.50243776,126.1312032,1363281,174637737.69
2024-12-10,sh.600563,129.4181696,130.00688,117.3496064,118.1836128,7122370,879004113.43
2024-12-11,sh.600563,118.723264,122.0592896,117.72245632,120.79356224,3490720,428105790.4
2024-12-12,sh.600563,120.5875136,122.82461312,119.76331904,122.53025792,2030700,252754505.0
2024-12-13,sh.600563,121.67662784,123.12878016,120.4893952,121.8630528,2197198,272774636.38
2024-12-16,sh.600563,121.8139936,122.893296,119.213856,121.19584768,2297436,282987622.45
2024-12-17,sh.600563,121.25471872,122.61856448,119.66520064,120.3912768,2592399,319786889.76
2024-12-18,sh.600563,119.78294272,121.8630528,119.39046912,120.17541632,1928603,236453425.03
2024-12-19,sh.600563,119.5082112,121.43133184,118.37003776,120.54826624,1384634,169933515.56
2024-12-20,sh.600563,120.19504,122.0592896,117.55565504,117.7911392,2511540,304213196.0
2024-12-23,sh.600563,118.6742048,118.6742048,115.95632512,116.5646592,2847813,339091869.53
2024-12-24,sh.600563,116.55484736,118.6742048,116.37823424,118.60552192,1411550,169639869.55
2024-12-25,sh.600563,118.6251456,119.33159808,116.1721856,116.6627776,1340700,160452136.0
2024-12-26,sh.600563,116.28011584,117.51640768,115.10269504,116.72164864,1903256,225616265.2
2024-12-27,sh.600563,116.72164864,117.86963392,115.80914752,117.28092352,2289353,272299451.41
2024-12-30,sh.600563,115.9759488,118.19342464,115.9759488,116.57447104,1744138,207927053.32
2024-12-31,sh.600563,116.58428288,117.62433792,114.63172672,116.68240128,2487515,295062048.49
2025-01-02,sh.600563,116.65296576,118.60552192,113.68979008,114.798528,2660522,315642273.36
2025-01-03,sh.600563,113.817344,117.26129984,113.817344,114.5041728,1917988,225666327.69
2025-01-06,sh.600563,114.5041728,116.5646592,113.572048,115.10269504,1880578,220347462.2
2025-01-07,sh.600563,114.90645824,117.73226816,114.37661888,115.4853568,2357073,277606832.99
2025-01-08,sh.600563,115.00457664,119.23347968,114.4060544,117.74208,3286035,390787002.92
2025-01-09,sh.600563,117.74208,120.1459808,114.12151104,114.26868864,4275031,508584010.94
2025-01-10,sh.600563,113.15013888,114.59247936,109.90241984,113.20900992,4295012,489775852.58
2025-01-13,sh.600563,113.44449408,114.27850048,110.99153408,112.18857856,2126244,243397159.85
2025-01-14,sh.600563,112.18857856,114.38643072,109.9907264,113.74866112,3790463,433079189.89
2025-01-15,sh.600563,113.23844544,115.64234624,111.62930368,113.817344,1960300,227304401.0
2025-01-16,sh.600563,114.5041728,115.28912,111.854976,112.90484288,1830318,211079876.26
2025-01-17,sh.600563,112.83616,121.2743424,112.20820224,119.6553888,5373500,646596890.0
2025-01-20,sh.600563,121.25471872,123.14840384,119.23347968,119.7535072,3151337,388490080.22
2025-01-21,sh.600563,120.71506752,121.65700416,118.36022592,121.10754112,2166396,266024359.03
2025-01-22,sh.600563,120.67582016,122.02985408,118.4289088,119.704448,2042810,249047576.42
2025-01-23,sh.600563,119.704448,121.54907392,117.4477248,117.92850496,2340505,285467829.03
2025-01-24,sh.600563,117.74208,122.43213952,116.83939072,120.40108864,2651673,323540420.3
2025-01-27,sh.600563,120.440336,121.54907392,118.73307584,120.94073984,1731200,213013893.1
2025-02-05,sh.600563,119.73388352,121.24490688,112.4927456,112.6399232,2518800,295432702.17
2025-02-06,sh.600563,112.60067584,115.28912,112.04140096,114.32755968,2079550,241945519.09
2025-02-07,sh.600563,114.41586624,121.15660032,113.9645216,118.11492992,2557747,308975253.12
2025-02-10,sh.600563,118.16398912,119.38065728,115.86801856,116.14275008,1651870,197069656.82
2025-02-11,sh.600563,116.86882624,123.07972096,115.28912,121.75512256,2610555,318765830.18
2025-02-12,sh.600563,120.20485184,125.46399808,120.20485184,124.98321792,2641051,331914825.8
2025-02-13,sh.600563,124.98321792,126.2293216,122.46157504,122.82461312,1986684,250737195.68
2025-02-14,sh.600563,121.7158752,124.52206144,121.70606336,123.34464064,1223644,153831708.99
2025-02-17,sh.600563,122.90310784,123.629184,114.36680704,116.025008,3896900,466564822.36
2025-02-18,sh.600563,116.26049216,119.704448,116.10350272,117.21224064,2737338,328151359.76
2025-02-19,sh.600563,116.89826176,117.62433792,116.15256192,117.07487488,1677854,199748669.2
2025-02-20,sh.600563,116.64315392,117.62433792,113.1305152,114.9947648,2286436,266964643.3
2025-02-21,sh.600563,114.81815168,117.03562752,114.6022912,116.5156,2301500,272463635.0
2025-02-24,sh.600563,115.779712,116.5156,113.31694016,113.9154624,3317499,386664291.42
2025-02-25,sh.600563,113.1305152,115.66196992,113.1305152,114.31774784,1746080,203826887.8
2025-02-26,sh.600563,114.76909248,122.5498816,114.31774784,118.8704416,4106723,497189744.59
2025-02-27,sh.600563,119.213856,123.8254208,118.9195008,122.157408,3452975,428263997.53
2025-02-28,sh.600563,121.3724608,124.39450752,119.51802304,119.98899136,2616580,325987980.4
2025-03-03,sh.600563,120.19504,128.52529216,118.93912448,126.38631104,4512708,580090144.86
2025-03-04,sh.600563,126.4255584,127.063328,123.91372736,125.27757312,1810497,230999038.02
2025-03-05,sh.600563,124.7084864,126.44518208,122.8442368,123.30539328,1696631,214545775.41
2025-03-06,sh.600563,123.629184,125.10096,121.666816,122.5989408,2594100,324306750.0
2025-03-07,sh.600563,122.31439744,122.42232768,119.93993216,120.49920704,2127192,262588984.02
2025-03-10,sh.600563,120.56788992,127.53429632,120.52864256,126.56292416,3652034,464883916.16
2025-03-11,sh.600563,125.591552,129.9578208,124.610368,127.2105056,2886947,376808827.64
2025-03-12,sh.600563,127.43617792,129.94800896,126.45499392,126.73953728,1837623,239162208.23
2025-03-13,sh.600563,127.03389248,128.52529216,123.63899584,124.610368,1838003,235666863.31
2025-03-14,sh.600563,124.610368,126.46480576,121.666816,123.56050112,3827458,484474798.77
2025-03-17,sh.600563,123.52125376,125.95459008,121.90230016,124.29638912,2509307,316578494.75
2025-03-18,sh.600563,124.47300224,125.09114816,119.71425984,120.69544384,5404491,667294380.85
2025-03-19,sh.600563,120.685632,122.13778432,116.8590144,120.685632,4234600,517042009.0
2025-03-20,sh.600563,120.32259392,122.48119872,119.17460864,120.8818688,2504043,309076773.57
2025-03-21,sh.600563,121.666816,123.138592,120.30297024,121.666816,3132609,388256018.25
2025-03-24,sh.600563,117.74208,117.74208,110.06922112,110.5794368,7394689,840762770.11
2025-03-25,sh.600563,110.5794368,110.5794368,106.9981152,109.402016,5269419,584458804.19
2025-03-26,sh.600563,108.44045568,113.50336512,107.70456768,109.75524224,5737551,649192843.71
2025-03-27,sh.600563,109.0095424,110.17715136,108.03817024,108.2736544,2771816,308109988.95
2025-03-28,sh.600563,108.2736544,110.89341568,108.04798208,108.8133056,2221767,247734571.94
2025-03-31,sh.600563,108.8133056,109.41182784,106.98830336,107.45927168,2763628,303972097.8
2025-04-01,sh.600563,107.5377664,108.10685312,106.46827584,107.17472832,2103433,230185500.08
2025-04-02,sh.600563,106.8509376,107.55739008,105.8697536,106.73319552,1949944,212041915.36
2025-04-03,sh.600563,105.97768384,106.27203904,102.72015296,103.02432,2577475,273576254.45
2025-04-07,sh.600563,96.156032,96.62700032,92.721888,92.721888,3049336,292867678.52
2025-04-08,sh.600563,90.268928,93.44796416,90.268928,92.9181248,4286558,401289406.74
2025-04-09,sh.600563,91.250112,92.3294144,87.45292992,91.1519936,4561326,422500630.42
2025-04-10,sh.600563,94.193664,95.25334272,92.476592,92.99661952,3426197,328304089.95
2025-04-11,sh.600563,92.66301696,97.80442112,92.33922624,96.72511872,3503796,340745409.0
2025-04-14,sh.600563,98.363696,98.9033472,95.910736,96.3522688,3754700,370794286.49
2025-04-15,sh.600563,96.34245696,98.2165184,94.76275072,96.66624768,3192111,312957957.42
2025-04-16,sh.600563,95.96960704,96.71530688,94.00723904,94.9786112,2121496,205524109.44
2025-04-17,sh.600563,94.193664,96.46019904,93.9974272,95.66544,1614764,157459292.0
2025-04-18,sh.600563,95.55750976,98.0693408,95.420144,96.96060288,1678900,166073611.0
2025-04-21,sh.600563,96.89192,99.74716544,95.9597952,98.64823936,1856260,185109319.78
2025-04-22,sh.600563,98.4127552,99.27619712,97.84366848,98.12821184,1372300,137782383.0
2025-04-23,sh.600563,98.5108736,101.56235584,97.53950144,100.56154816,2007854,204800876.52
2025-04-24,sh.600563,100.18869824,102.93601344,99.6882944,102.8771424,2112017,219420656.08
2025-04-25,sh.600563,103.01450816,103.8092672,102.07257152,102.44542144,1789410,187755554.4
2025-04-28,sh.600563,103.8092672,105.8697536,101.1110112,102.6318464,2229379,233460898.72
2025-04-29,sh.600563,102.30805568,102.88695424,100.4732416,101.19931776,1707106,175932919.6
2025-04-30,sh.600563,101.21894144,103.06356736,100.77740864,102.1412544,1386171,144396002.9
2025-05-06,sh.600563,102.96544896,104.76101568,101.8468992,104.02512768,2310498,243320741.6
2025-05-07,sh.600563,105.78144704,106.76263104,103.62284224,104.11343424,1360298,145628259.36
2025-05-08,sh.600563,104.14286976,106.15429696,103.514912,105.60483392,1258286,134787944.92
2025-05-09,sh.600563,105.5263392,106.1641088,103.38735808,104.80026304,1095434,117006205.0
2025-05-12,sh.600563,105.68332864,106.10523776,104.67270912,105.06518272,993170,106524522.5
2025-05-13,sh.600563,105.967872,106.63507712,104.4470368,104.5942144,1734634,185912828.26
2025-05-14,sh.600563,104.11343424,104.78063936,102.54353984,103.6130304,1831810,192944133.12
2025-05-15,sh.600563,103.27942784,103.78964352,101.93520576,103.57378304,1702100,178497975.57
2025-05-16,sh.600563,102.6318464,104.60402624,102.6318464,103.94663296,992104,105168436.65
2025-05-19,sh.600563,104.01531584,104.0545632,100.080768,101.9940768,2114679,218344158.68
2025-05-20,sh.600563,102.03332416,104.47647232,101.80765184,103.50510016,1778492,187260056.79
2025-05-21,sh.600563,103.29905152,103.77983168,101.86652288,103.39716992,1194505,125036361.7
2025-05-22,sh.600563,103.37754624,104.4470368,102.05294784,103.20093312,1000200,105562378.26
2025-05-23,sh.600563,102.533728,103.33829888,101.3563072,101.3563072,1207025,125759006.58
2025-05-26,sh.600563,100.9638336,103.48547648,100.9638336,101.9940768,1155758,120538524.76
2025-05-27,sh.600563,102.56316352,102.72015296,98.3146368,98.6580512,1847678,187850222.76
2025-05-28,sh.600563,98.76598144,100.72834944,98.76598144,99.59998784,1512300,153903316.0
2025-05-29,sh.600563,99.61961152,102.6809056,99.59998784,102.35711488,1848149,192037173.19
2025-05-30,sh.600563,102.12163072,102.49448064,99.96302592,101.36611904,1409005,144973151.64
2025-06-03,sh.600563,101.07176384,102.32767936,100.15926272,100.65966656,1393213,143418180.55
2025-06-04,sh.600563,100.65966656,101.43480192,100.25738112,100.75778496,1041554,107004052.52
2025-06-05,sh.600563,101.19931776,102.9262016,99.9335904,102.30805568,1253532,130279891.84
2025-06-06,sh.600563,102.0921952,102.52391616,101.27781248,101.47404928,834600,86634651.23
2025-06-09,sh.600563,101.92539392,102.288432,99.3939392,99.76678912,2904791,297392987.97
2025-06-10,sh.600563,99.7864128,99.99246144,98.608992,99.35469184,1614090,163263580.54
2025-06-11,sh.600563,99.59998784,103.760208,99.40375104,102.8280832,3241018,337764086.58
2025-06-12,sh.600563,102.54353984,106.24260352,102.533728,104.29004736,3038059,325004502.93
2025-06-13,sh.600563,104.0,104.98,102.2,103.41,1688404,174846801.45
2025-06-16,sh.600563,103.88,104.96,102.83,103.05,1546075,160144041.38
2025-06-17,sh.600563,103.27,105.85,102.3,102.7,1490480,153852742.29
2025-06-18,sh.600563,102.13,103.22,102.01,102.67,744354,76415304.16
2025-06-19,sh.600563,102.57,105.31,102.1,102.81,1536935,159056208.18
2025-06-20,sh.600563,102.62,104.97,102.5,102.51,2047567,212178673.1
2025-06-23,sh.600563,101.6,103.18,100.58,102.8,1685800,171989451.0
2025-06-24,sh.600563,103.29,105.86,102.81,105.5,2861666,299569771.86
2025-06-25,sh.600563,105.5,108.29,105.3,107.3,1849315,198185107.53
2025-06-26,sh.600563,108.0,108.07,105.56,106.26,2145362,228087924.06
2025-06-27,sh.600563,106.59,108.35,105.35,107.16,2061658,221393591.38
2025-06-30,sh.600563,107.2,110.96,107.2,109.09,2519315,275647304.68
2025-07-01,sh.600563,108.8,113.18,108.51,111.81,2641508,295475252.16
2025-07-02,sh.600563,111.74,112.0,109.31,109.5,2056268,227508628.25
2025-07-03,sh.600563,109.39,113.16,108.86,112.8,2740661,305621010.09
2025-07-04,sh.600563,112.0,113.56,111.4,112.42,1776516,199455353.96
2025-07-07,sh.600563,111.58,111.89,109.99,110.5,1197500,132416548.0
2025-07-08,sh.600563,110.02,114.48,110.02,114.4,2216523,251480910.22
2025-07-09,sh.600563,113.8,117.0,113.5,113.8,1466927,168679753.37
2025-07-10,sh.600563,113.5,114.51,113.3,114.08,991800,112965810.0
2025-07-11,sh.600563,113.54,113.6,112.03,112.55,1387426,156559043.6
2025-07-14,sh.600563,112.6,114.0,112.11,112.59,1167200,132034997.0
2025-07-15,sh.600563,112.58,113.44,111.11,112.15,1407472,158128857.66
2025-07-16,sh.600563,112.11,112.88,109.6,109.85,1877900,207861182.0
2025-07-17,sh.600563,109.85,119.99,109.61,118.6,5278066,615087877.92
2025-07-18,sh.600563,117.0,119.33,116.5,118.2,2735649,322660978.83
2025-07-21,sh.600563,118.18,118.2,114.55,115.57,2481671,286425907.25
2025-07-22,sh.600563,115.55,116.45,114.75,115.1,1544724,177969132.62
2025-07-23,sh.600563,114.88,115.88,113.4,114.65,1828790,209716522.5
2025-07-24,sh.600563,114.65,115.92,113.63,114.1,2400535,274418301.19
2025-07-25,sh.600563,114.1,115.77,113.18,114.28,1559443,177951837.5
2025-07-28,sh.600563,114.53,115.15,112.65,113.1,2040261,231564961.1
2025-07-29,sh.600563,112.81,113.56,111.7,112.58,1598602,180050975.1
2025-07-30,sh.600563,112.57,113.18,110.7,111.66,1846801,206732089.59
2025-07-31,sh.600563,111.66,113.7,109.51,109.93,2254339,251065007.83
2025-08-01,sh.600563,109.22,111.45,109.08,110.08,1349765,148775080.4
2025-08-04,sh.600563,109.99,111.18,108.28,109.0,1999629,218251153.78
2025-08-05,sh.600563,109.2,109.55,108.61,109.43,1157859,126311231.92
2025-08-06,sh.600563,109.01,111.99,108.65,111.41,2214679,244828896.67
2025-08-07,sh.600563,111.5,112.19,109.32,109.38,2178319,239898060.44
2025-08-08,sh.600563,109.18,109.97,108.01,108.19,1581250,171854642.7
2025-08-11,sh.600563,108.2,109.49,108.2,109.4,1941800,211544406.0
2025-08-12,sh.600563,109.0,110.94,108.61,109.56,1623782,178155280.53
2025-08-13,sh.600563,109.71,114.87,109.71,112.97,3672003,413343445.19
2025-08-14,sh.600563,113.5,115.7,112.4,113.0,2485900,283004040.02
2025-08-15,sh.600563,113.02,118.88,112.6,117.89,6209748,719535216.93
2025-08-18,sh.600563,115.0,118.0,113.4,118.0,11029715,1268783316.65
2025-08-19,sh.600563,118.0,119.66,114.8,115.15,6095242,710198185.77
2025-08-20,sh.600563,114.0,115.4,112.85,115.34,4310118,491465188.88
2025-08-21,sh.600563,115.34,119.6,114.5,117.98,6631174,776775625.96
2025-08-22,sh.600563,118.0,118.08,115.79,117.96,4228383,495105084.46
2025-08-25,sh.600563,118.5,118.99,116.94,117.99,5195296,612390689.28
2025-08-26,sh.600563,117.5,122.39,117.47,120.68,5183170,625567369.11
2025-08-27,sh.600563,120.5,124.4,119.5,119.85,6302303,771926351.6
2025-08-28,sh.600563,118.6,122.68,118.6,121.75,5052940,609878596.98
2025-08-29,sh.600563,121.51,123.38,120.12,122.79,4000199,486518006.73
2025-09-01,sh.600563,122.88,124.83,119.02,120.0,5259292,635471913.92
2025-09-02,sh.600563,120.5,123.0,117.0,118.15,5318129,636603915.54
2025-09-03,sh.600563,117.62,119.48,116.1,116.65,3656335,429458617.2
2025-09-04,sh.600563,116.61,119.18,111.97,113.2,4287476,494616364.44
2025-09-05,sh.600563,113.08,117.38,113.0,117.01,3575622,412961697.85
2025-09-08,sh.600563,117.8,122.12,117.29,120.75,4883133,588651180.01
2025-09-09,sh.600563,120.76,121.99,118.5,119.61,3017575,363477311.14
2025-09-10,sh.600563,119.57,120.18,116.58,117.3,2192200,258638998.0
2025-09-11,sh.600563,117.01,121.99,116.75,121.99,4196800,506545049.0
2025-09-12,sh.600563,121.8,122.44,119.74,119.95,2961600,357856963.16
2025-09-15,sh.600563,120.42,122.82,119.45,119.53,3926868,475382115.68
2025-09-16,sh.600563,119.19,119.55,117.09,118.11,3304447,390326679.51
2025-09-17,sh.600563,118.5,121.42,118.0,120.28,3019027,362263984.89
2025-09-18,sh.600563,120.32,121.66,117.1,118.3,4547957,543353546.21
2025-09-19,sh.600563,118.31,120.52,117.55,118.91,3488495,415613816.42
2025-09-22,sh.600563,118.8,119.45,115.7,117.06,4268537,498387831.35
2025-09-23,sh.600563,117.06,118.0,113.87,115.75,2900058,335121292.66
2025-09-24,sh.600563,114.98,120.12,114.6,119.69,4092565,484811558.35
2025-09-25,sh.600563,119.7,126.5,119.05,125.08,6646517,822174336.36
2025-09-26,sh.600563,124.41,125.06,122.6,123.67,3620105,448207794.08
2025-09-29,sh.600563,123.67,126.69,122.5,126.19,3896704,488452717.6
2025-09-30,sh.600563,126.51,127.22,125.48,126.4,2817653,355942589.71
2025-10-09,sh.600563,126.39,130.6,125.91,129.28,4479290,574395173.77
2025-10-10,sh.600563,128.28,130.91,127.58,128.51,3791890,488843587.18
2025-10-13,sh.600563,123.05,126.47,122.75,125.9,3566619,445065654.2
2025-10-14,sh.600563,126.0,127.58,120.5,121.01,4248342,523034538.27
2025-10-15,sh.600563,120.93,122.51,118.52,122.51,2683081,323707158.78
2025-10-16,sh.600563,122.07,129.71,122.07,128.98,5081541,651016948.99
2025-10-17,sh.600563,128.28,128.89,120.88,121.32,5118373,627518752.91
2025-10-20,sh.600563,123.11,125.1,121.53,123.43,3295241,407010536.87
2025-10-21,sh.600563,123.98,124.98,122.13,122.58,2699104,332691071.57
2025-10-22,sh.600563,121.87,121.87,119.45,119.5,2267511,273000267.68
2025-10-23,sh.600563,119.34,121.0,118.58,120.75,1671835,200065243.8
2025-10-24,sh.600563,121.36,126.65,121.36,126.23,4183624,522788152.24
2025-10-27,sh.600563,128.01,130.85,127.0,128.48,3844824,495227511.96
2025-10-28,sh.600563,128.41,130.84,127.62,129.99,2921314,378105158.93
2025-10-29,sh.600563,129.77,132.68,128.51,131.72,3911202,510162985.28
2025-10-30,sh.600563,131.36,134.5,129.11,130.08,3501448,458823813.26
2025-10-31,sh.600563,129.15,129.15,119.61,120.28,10966867,1340818378.84
2025-11-03,sh.600563,121.0,121.0,117.3,118.49,5049346,597336495.03
2025-11-04,sh.600563,118.88,119.45,116.01,116.96,3469535,407688833.54
2025-11-05,sh.600563,115.38,121.55,115.18,120.6,4864648,579456959.01
2025-11-06,sh.600563,120.58,122.06,119.77,120.89,3820257,461730494.18
2025-11-07,sh.600563,119.95,127.97,119.9,123.8,5551876,694471357.17
2025-11-10,sh.600563,123.81,124.88,118.37,118.92,5453774,653101179.0
2025-11-11,sh.600563,118.85,119.48,117.75,118.0,2429235,287945238.24
2025-11-12,sh.600563,117.33,117.88,114.83,115.63,3352288,389312168.26
2025-11-13,sh.600563,115.28,116.88,115.02,116.8,2412746,280083933.35
2025-11-14,sh.600563,116.13,117.98,115.68,116.56,2337518,273611773.2
2025-11-17,sh.600563,116.52,116.56,115.09,115.65,1749219,202155647.37
2025-11-18,sh.600563,115.23,116.7,115.12,115.55,1785698,206779932.02
2025-11-19,sh.600563,115.28,115.98,111.45,111.85,3445944,389927794.28
2025-11-20,sh.600563,112.5,113.2,108.66,109.08,3603731,396583550.32
2025-11-21,sh.600563,107.7,107.77,103.91,104.7,4067360,429600760.52
2025-11-24,sh.600563,105.8,105.88,103.51,103.9,3367707,351010631.4
2025-11-25,sh.600563,104.55,105.95,104.05,105.05,2699319,283991329.84
2025-11-26,sh.600563,104.69,105.35,103.82,103.95,2324774,243286712.6
2025-11-27,sh.600563,103.96,105.13,103.27,103.4,2321376,242257370.39
2025-11-28,sh.600563,103.05,103.98,102.2,103.7,2390783,246873011.86
2025-12-01,sh.600563,103.8,104.58,103.29,104.52,2287861,238014315.55
2025-12-02,sh.600563,104.5,104.52,103.1,103.28,1841569,190850341.39
2025-12-03,sh.600563,103.5,103.65,101.11,101.47,2940603,299826678.85
2025-12-04,sh.600563,101.56,101.78,100.05,100.98,2709127,272859064.99
2025-12-05,sh.600563,100.96,103.4,100.05,103.24,4442800,451417826.76
2025-12-08,sh.600563,103.25,104.5,102.53,104.01,2997419,310154988.51
2025-12-09,sh.600563,103.57,105.88,103.2,104.6,3534777,369563841.14
2025-12-10,sh.600563,104.6,104.61,102.71,104.02,2913868,301507479.05
2025-12-11,sh.600563,104.03,104.44,102.55,102.55,2350757,242945962.17
2025-12-12,sh.600563,102.55,102.95,101.81,102.65,2566944,263268072.35
2025-12-15,sh.600563,102.2,102.66,101.56,101.62,1938804,197810732.55
2025-12-16,sh.600563,101.68,101.69,99.8,100.28,2558648,256822487.62
2025-12-17,sh.600563,100.28,102.1,99.65,101.98,2500455,252029874.92
2025-12-18,sh.600563,101.25,101.86,100.86,100.9,1458094,147591346.15
2025-12-19,sh.600563,100.78,103.14,100.78,101.63,2129372,217447193.07
2025-12-22,sh.600563,101.71,103.54,101.71,102.64,2513585,258587230.11
2025-12-23,sh.600563,102.65,103.58,102.4,102.95,2062469,212494096.17
2025-12-24,sh.600563,102.93,105.69,102.75,105.58,3453930,361992521.05
2025-12-25,sh.600563,104.88,105.98,104.81,105.46,1954869,206076607.62
2025-12-26,sh.600563,105.01,106.94,105.01,105.97,2245607,238309831.34
2025-12-29,sh.600563,105.99,108.16,105.36,106.85,2892827,309995661.34
2025-12-30,sh.600563,106.22,107.29,105.15,106.0,2441407,258659412.56
2025-12-31,sh.600563,106.0,106.8,104.91,104.95,1634773,172710848.72
2026-01-05,sh.600563,106.0,107.49,105.51,107.2,2720619,290380393.26
2026-01-06,sh.600563,107.48,108.38,106.0,108.09,3846039,413394707.68
2026-01-07,sh.600563,108.15,108.58,106.7,107.25,3334584,359022238.81
2026-01-08,sh.600563,106.98,108.06,106.25,106.73,3395375,363630790.14
2026-01-09,sh.600563,106.26,108.49,106.08,108.05,4054342,436123418.42
2026-01-12,sh.600563,108.4,109.0,106.76,108.58,4229154,456704116.5
2026-01-13,sh.600563,108.58,108.59,105.75,107.0,4705276,503098464.47
2026-01-14,sh.600563,106.98,107.53,105.0,105.63,4945077,526362566.47
2026-01-15,sh.600563,105.21,106.37,104.64,105.5,3148823,331763788.67
2026-01-16,sh.600563,106.3,109.9,105.8,108.49,7722945,830231637.72
2026-01-19,sh.600563,109.5,111.62,109.11,110.48,6063815,670155442.02
2026-01-20,sh.600563,112.19,113.93,110.62,111.81,6597987,739598984.88
2026-01-21,sh.600563,110.61,116.28,110.2,115.59,8085523,924817232.99
2026-01-22,sh.600563,115.98,116.0,113.7,114.45,4918807,562672599.18
2026-01-23,sh.600563,115.15,118.3,115.1,117.56,5887885,688407256.89
2026-01-26,sh.600563,117.58,117.69,114.41,115.99,6956741,807044475.11
2026-01-27,sh.600563,115.11,116.85,112.67,115.0,4935249,563484006.48
2026-01-28,sh.600563,115.1,115.92,113.97,114.72,4599911,527298298.01
2026-01-29,sh.600563,114.7,114.7,110.44,110.7,5502805,617683630.01
2026-01-30,sh.600563,110.24,111.12,106.6,108.69,4761434,518017751.92
2026-02-02,sh.600563,107.9,108.88,103.68,103.69,5930563,626486218.86
2026-02-03,sh.600563,105.0,107.37,104.87,107.35,4073063,432343858.84
2026-02-04,sh.600563,106.88,106.91,105.3,106.77,2914157,308791417.88
2026-02-05,sh.600563,106.4,107.47,105.33,106.1,3017409,320511077.13
2026-02-06,sh.600563,105.07,106.49,104.38,104.7,3298363,347875490.92
2026-02-09,sh.600563,105.82,106.39,105.01,105.58,3306605,348976549.91
2026-02-10,sh.600563,106.0,108.28,105.66,106.81,3667868,393021340.93
2026-02-11,sh.600563,106.5,110.36,106.18,110.01,5300963,577562356.71
2026-02-12,sh.600563,109.77,113.06,108.93,112.7,4884739,544522474.9
2026-02-13,sh.600563,112.3,114.5,110.88,110.98,4109793,462799785.32
2026-02-24,sh.600563,112.0,114.62,111.78,113.82,4026419,456800586.3
2026-02-25,sh.600563,113.82,115.87,113.7,115.33,4250812,489545003.7
2026-02-26,sh.600563,115.3,119.49,114.7,118.2,6898283,809488183.44
2026-02-27,sh.600563,117.01,117.85,115.63,116.49,4271880,497700223.48
2026-03-02,sh.600563,114.54,120.36,114.06,119.37,6824312,805559327.96
2026-03-03,sh.600563,120.8,120.9,114.88,114.95,6234783,728564174.92
2026-03-04,sh.600563,114.5,117.34,113.3,114.06,4571028,526814965.34
2026-03-05,sh.600563,115.67,118.28,114.0,114.71,4789635,555541704.56
2026-03-06,sh.600563,114.71,121.49,114.33,117.85,6788103,805356181.62
